pid,nome,squadra,ruolo,pfc,pma,pfc_range,pma_range,pfc_lo,pfc_hi,pma_lo,pma_hi,unc_pfc,dpfcpma,slot,tit,expfm,fascia,status,pen_prob,fk_prob,tix,fix,fix_contrib
63ba8d9055a9a9c9,MALEN,Roma,A,383.2,389.40000000000003,345-422,367-413,345.0,422.0,367.0,413.0,38.5,-6.0,1,92.0,7.54,Top,T,40.0,20.0,92.0,99.4,1.417
f795570f77b63352,MARTINEZ L.,Inter,A,360.09999999999997,368.3,325-397,349-388,325.0,397.0,349.0,388.0,36.0,-8.0,1,92.0,7.53,Top,T,10.0,0.0,92.0,98.3,1.408
1dc1d257d05e8a8b,THURAM,Inter,A,289.0,261.79999999999995,261-318,242-283,261.0,318.0,242.0,283.0,28.5,27.0,1,92.0,7.29,Top,T,0.0,0.0,92.0,97.2,1.187
98596b7419b9d23c,HOJLUND,Napoli,A,282.1,277.4,254-311,258-298,254.0,311.0,258.0,298.0,28.5,5.0,1,92.0,7.26,Top,T,20.0,0.0,92.0,96.0,1.159
2749f13992bb5f41,RAMOS G.,Milan,A,268.9,306.5,243-296,286-328,243.0,296.0,286.0,328.0,26.5,-38.0,1,92.0,7.24,Semi-Top,T,70.0,0.0,92.0,94.9,1.141
c0da180de8d2491d,KOLO MUANI,Juventus,A,257.40000000000003,268.5,232-284,247-291,232.0,284.0,247.0,291.0,26.0,-12.0,1,92.0,7.23,Semi-Top,T,60.0,0.0,92.0,93.8,1.132
d2f07afe6d02f2b5,KEAN,Fiorentina,A,232.8,215.60000000000002,210-257,195-237,210.0,257.0,195.0,237.0,23.5,17.0,1,92.0,7.19,Semi-Top,T,70.0,0.0,92.0,92.6,1.095
2ee4f1f2f41bacd0,DOUVIKAS,Como,A,189.29999999999998,149.0,161-218,131-168,161.0,218.0,131.0,168.0,28.5,40.0,1,92.0,7.04,Semi-Top,T,20.0,0.0,92.0,91.5,0.957
994ffda740b64876,SCAMACCA,Atalanta,A,171.3,145.1,146-197,130-161,146.0,197.0,130.0,161.0,25.5,26.0,1,86.0,7.09,Semi-Top,T,50.0,0.0,61.9,90.3,0.937
deb805a7fbaf962e,DAVIS K.,Udinese,A,158.20000000000002,136.5,135-182,123-151,135.0,182.0,123.0,151.0,23.5,21.0,1,92.0,6.94,Semi-Top,T,70.0,0.0,92.0,88.1,0.865
d6e685584c902697,YILDIZ,Juventus,A,141.8,94.7,121-164,81-110,121.0,164.0,81.0,110.0,21.5,47.0,2,77.0,7.16,Semi-Top,T,30.0,50.0,41.5,89.2,0.893
b281859d81906ba7,DYBALA,Roma,A,133.89999999999998,126.3,114-154,110-143,114.0,154.0,110.0,143.0,20.0,8.0,2,86.0,6.97,Semi-Top,T,50.0,50.0,61.9,85.8,0.834
ca9a88eb24b4ce32,SIMEONE,Torino,A,125.7,115.6,107-145,102-130,107.0,145.0,102.0,130.0,19.0,10.0,2,90.0,6.89,Semi-Top,T,10.0,0.0,80.7,83.0,0.801
cf2672bfe74c7fd5,BERARDI,Sassuolo,A,118.9,94.60000000000001,102-137,84-107,102.0,137.0,84.0,107.0,17.5,24.0,2,88.0,6.91,Semi-Top,T,70.0,70.0,71.6,83.0,0.801
de297bc473c7cb6d,KRSTOVIC,Atalanta,A,112.0,102.3,96-129,89-116,96.0,129.0,89.0,116.0,16.5,10.0,2,80.0,7.05,Semi-Top,P,20.0,0.0,47.7,86.9,0.84
d836cbfcdce9d24a,ESPOSITO F.P.,Inter,A,104.6,121.89999999999999,89-121,104-141,89.0,121.0,104.0,141.0,16.0,-17.0,2,82.0,7.0,OttimoTit,P,0.0,0.0,51.7,84.7,0.82
e531b5637b58f8d9,CASTRO S.,Roma,A,87.5,53.5,70-105,44-64,70.0,105.0,44.0,64.0,17.5,34.0,2,80.0,6.93,OttimoTit,P,0.0,0.0,47.7,81.2,0.744
4e850509bcd939e7,PINAMONTI,Lazio,A,83.1,100.3,67-100,88-114,67.0,100.0,88.0,114.0,16.5,-17.0,2,86.0,6.81,OttimoTit,T,20.0,0.0,61.9,80.1,0.697
52ed625b809c4967,DE KETELAERE,Atalanta,A,80.4,83.7,65-97,74-94,65.0,97.0,74.0,94.0,16.0,-4.0,2,90.0,6.75,OttimoTit,T,10.0,10.0,80.7,79.0,0.675
d99832ba2f935b31,RASPADORI,Atalanta,A,77.2,70.7,62-93,61-82,62.0,93.0,61.0,82.0,15.5,6.0,2,90.0,6.74,OttimoTit,T,0.0,0.0,80.7,77.3,0.666
76f4639a60729e2f,LAURIENTÈ,Sassuolo,A,74.89999999999999,65.69999999999999,60-90,57-75,60.0,90.0,57.0,75.0,15.0,9.0,3,90.0,6.74,OttimoTit,T,10.0,20.0,80.7,77.3,0.666
e6bff3627d8264d5,COLOMBO,Genoa,A,70.3,61.199999999999996,57-85,52-71,57.0,85.0,52.0,71.0,14.0,9.0,3,92.0,6.69,OttimoTit,T,70.0,0.0,92.0,73.3,0.635
539be7e3072f0833,SANTOS A.,Napoli,A,69.1,68.0,56-83,59-78,56.0,83.0,59.0,78.0,13.5,1.0,3,88.0,6.74,OttimoTit,T,0.0,0.0,71.6,74.4,0.651
34420b772a0278c3,DOVBYK,Bologna,A,67.0,75.1,54-81,64-87,54.0,81.0,64.0,87.0,13.5,-8.0,3,83.0,6.8,OttimoTit,B,20.0,0.0,54.0,75.6,0.664
af36951634e25d4c,PELLEGRINO M.,Fiorentina,A,48.099999999999994,66.5,39-58,55-79,39.0,58.0,55.0,79.0,9.5,-19.0,3,86.0,6.63,OttimoTit,P,0.0,0.0,61.9,72.2,0.542
e42c95da22e9160d,DIAO,Como,A,46.800000000000004,41.5,36-59,34-50,36.0,59.0,34.0,50.0,11.5,5.0,3,92.0,6.55,OttimoTit,T,0.0,0.0,92.0,66.5,0.506
9daacd7a6fb2183a,BOWIE,Sassuolo,A,44.5,21.9,34-56,16-29,34.0,56.0,16.0,29.0,11.0,23.0,3,88.0,6.59,OttimoTit,T,0.0,0.0,71.6,69.9,0.519
87137f53c3ab1845,PICCOLI,Bologna,A,43.0,26.599999999999998,33-54,20-34,33.0,54.0,20.0,34.0,10.5,16.0,3,88.0,6.58,OttimoTit,B,0.0,0.0,71.6,67.6,0.51
102a25f4183212a5,GEUBBELS,Lecce,A,39.5,13.700000000000001,30-50,10-19,30.0,50.0,10.0,19.0,10.0,26.0,3,88.0,6.56,OttimoTit,B,70.0,0.0,71.6,65.3,0.493
fabe71664c9a4272,SOULÈ,Roma,A,35.0,32.4,27-44,25-41,27.0,44.0,25.0,41.0,8.5,3.0,3,78.0,6.66,OttimoTit,P,0.0,10.0,43.8,68.8,0.515
b50c59578cca462e,TOURÈ E.,Parma,A,34.9,25.3,27-44,19-32,27.0,44.0,19.0,32.0,8.5,10.0,4,90.0,6.51,OttimoTit,T,70.0,0.0,80.7,63.1,0.459
6ef1ea82ad3eb194,YEBOAH J.,Venezia,A,33.8,16.5,26-43,12-22,26.0,43.0,12.0,22.0,8.5,17.0,4,92.0,6.48,OttimoTit,T,10.0,0.0,92.0,60.8,0.442
2462e0897409ec76,DAVID,Juventus,A,28.9,7.6,22-37,5-11,22.0,37.0,5.0,11.0,7.5,21.0,4,68.0,6.77,Riserva,P,0.0,0.0,29.5,71.0,0.524
b6095cf895409c59,NERES,Napoli,A,28.400000000000002,11.4,22-36,8-16,22.0,36.0,8.0,16.0,7.0,17.0,4,75.0,6.65,Jolly,P,0.0,0.0,37.5,64.2,0.488
144bacfe05e71cf0,ESPOSITO SE.,Sassuolo,A,27.900000000000002,39.199999999999996,21-35,31-48,21.0,35.0,31.0,48.0,7.0,-11.0,4,84.0,6.52,OttimoTit,P,0.0,0.0,56.2,59.7,0.437
e88c96d6e4670e00,VARELA G.,Monza,A,27.400000000000002,16.9,21-35,12-23,21.0,35.0,12.0,23.0,7.0,10.0,4,88.0,6.47,OttimoTit,T,0.0,0.0,71.6,57.4,0.414
4dfeeebcd5019f11,ADAMS A.,Venezia,A,25.9,34.5,20-33,27-43,20.0,33.0,27.0,43.0,6.5,-9.0,4,92.0,6.42,OttimoTit,T,20.0,0.0,92.0,52.8,0.386
9fa2453adc22608c,MALDINI,Cagliari,A,25.5,16.7,20-32,13-22,20.0,32.0,13.0,22.0,6.0,9.0,4,86.0,6.48,OttimoTit,T,0.0,0.0,61.9,56.2,0.413
e3e2e3c38eede135,BOGA,Juventus,A,23.7,15.4,18-30,11-21,18.0,30.0,11.0,21.0,6.0,9.0,4,76.0,6.6,OttimoTit,P,0.0,0.0,39.8,61.9,0.456
0c305541f047f9d2,BOBCEK,Frosinone,A,22.5,4.1000000000000005,17-29,3-6,17.0,29.0,3.0,6.0,6.0,19.0,4,84.0,6.48,TitLowCost,B,0.0,0.0,56.2,55.1,0.403
2e77561ee3fed69a,BONNY,Inter,A,22.3,21.8,17-28,17-28,17.0,28.0,17.0,28.0,5.5,0.0,5,80.0,6.53,TitLowCost,P,0.0,0.0,47.7,58.5,0.424
209ecb9378f422ea,VITINHA O.,Genoa,A,21.8,15.0,17-28,11-20,17.0,28.0,11.0,20.0,5.5,7.0,5,92.0,6.39,TitLowCost,T,10.0,0.0,92.0,46.6,0.359
a4aa386ede35ba92,CUTRONE,Monza,A,21.7,9.799999999999999,17-28,6-14,17.0,28.0,6.0,14.0,5.5,12.0,5,86.0,6.45,TitLowCost,B,20.0,0.0,61.9,54.0,0.387
cc7a214a93e22320,ROMERO D.,Parma,A,20.7,14.9,16-26,10-21,16.0,26.0,10.0,21.0,5.0,6.0,5,90.0,6.4,TitLowCost,T,0.0,0.0,80.7,48.3,0.36
99df8d038431504d,MENDY P.,Cagliari,A,17.4,3.9,14-22,3-6,14.0,22.0,3.0,6.0,4.0,13.0,5,86.0,6.42,TitLowCost,B,0.0,0.0,61.9,49.4,0.361
528102ce825acc8f,ADAMS C.,Torino,A,17.3,13.2,13-22,9-18,13.0,22.0,9.0,18.0,4.5,4.0,5,82.0,6.47,TitLowCost,P,0.0,0.0,51.7,51.7,0.385
6e4046644e4911f9,RAIMONDO,Frosinone,A,13.4,8.9,11-17,6-13,11.0,17.0,6.0,13.0,3.0,4.0,5,88.0,6.37,TitLowCost,B,10.0,0.0,71.6,42.6,0.326
54acefe2e1c414e4,NGONGE,Monza,A,9.299999999999999,3.2,7-12,3-5,7.0,12.0,3.0,5.0,2.5,6.0,5,88.0,6.34,TitLowCost,B,0.0,0.0,71.6,36.9,0.299
6e0c3bd1e16994a5,ZAPATA D.,Torino,A,9.2,3.5,7-12,3-5,7.0,12.0,3.0,5.0,2.5,5.0,5,72.0,6.53,Jolly,P,30.0,0.0,34.1,50.6,0.382
c79d6b99831fb996,DIA,Lazio,A,9.0,8.5,7-12,5-13,7.0,12.0,5.0,13.0,2.5,0.0,5,76.0,6.47,TitLowCost,P,0.0,0.0,39.8,43.8,0.357
0ca89d93c33286b8,STULIC,Lecce,A,7.7,2.8,6-10,3-4,6.0,10.0,3.0,4.0,2.0,5.0,6,84.0,6.37,TitLowCost,B,20.0,0.0,56.2,38.1,0.311
06750118262ea26d,RRAHMANI AL.,Venezia,A,3.0,2.3,3-4,2-3,3.0,4.0,2.0,3.0,0.5,1.0,6,78.0,6.4,TitLowCost,P,0.0,0.0,43.8,39.8,0.312
17c2751dc733855e,OSMAJIC,Genoa,A,2.9,2.8,3-4,3-4,3.0,4.0,3.0,4.0,0.5,0.0,6,78.0,6.4,TitLowCost,P,0.0,0.0,43.8,39.8,0.312
94006155073be845,KEVIN CARLOS,Cagliari,A,1.2,13.2,1-2,9-19,1.0,2.0,9.0,19.0,0.5,-12.0,6,82.0,6.34,TitLowCost,B,0.0,0.0,51.7,34.7,0.279
ea814a331b9932fc,LUCCA,Napoli,A,1.0,4.8999999999999995,1-2,3-7,1.0,2.0,3.0,7.0,0.5,-4.0,6,52.0,6.28,Riserva,P,0.0,0.0,14.8,14.2,0.146
9fcbf76bad91aec5,NOSLIN,Lazio,A,1.0,2.8,1-2,3-4,1.0,2.0,3.0,4.0,0.5,-2.0,6,72.0,6.34,Jolly,P,0.0,0.0,34.1,30.1,0.245
39f89508da8da1cf,CAMARDA,Milan,A,1.0,3.6,1-2,3-5,1.0,2.0,3.0,5.0,0.5,-3.0,6,71.0,6.21,Jolly,P,0.0,0.0,32.4,15.3,0.149
1db596d3aaff9b34,EKHATOR,Juventus,A,1.0,2.4,1-2,2-3,1.0,2.0,2.0,3.0,0.5,-1.0,6,59.0,6.4,Riserva,P,0.0,0.0,22.7,27.8,0.236
0fdd70644afe8227,GIMENEZ,Milan,A,1.0,2.4,1-2,2-3,1.0,2.0,2.0,3.0,0.5,-1.0,6,50.0,6.65,Riserva,P,0.0,0.0,8.0,41.5,0.325
954a8f8300eb589c,N'DRI,Lecce,A,1.0,2.8,1-2,3-4,1.0,2.0,3.0,4.0,0.5,-2.0,6,88.0,6.18,TitLowCost,T,0.0,0.0,71.6,17.6,0.158
d2f653398c2efd0c,AZON,Como,A,1.0,1.8,1-2,2-3,1.0,2.0,2.0,3.0,0.5,-1.0,6,52.0,6.56,Riserva,P,0.0,0.0,14.8,35.8,0.291
f6404f93416c465e,LANG,Napoli,A,1.0,2.8,1-2,2-4,1.0,2.0,2.0,4.0,0.5,-2.0,6,52.0,6.47,Riserva,P,0.0,0.0,14.8,29.0,0.244
6a3ca73f3081ab04,KUHN,Como,A,1.0,2.3,1-2,2-3,1.0,2.0,2.0,3.0,0.5,-1.0,6,68.0,6.19,Riserva,P,0.0,0.0,29.5,9.7,0.129
d747cc7ca3f01add,GIOVANE,Napoli,A,1.0,2.2,1-2,2-3,1.0,2.0,2.0,3.0,0.5,-1.0,6,52.0,6.31,Riserva,P,0.0,0.0,14.8,18.8,0.161
e0175aa399886ecb,BORRELLI,Cagliari,A,1.0,2.3,1-2,2-3,1.0,2.0,2.0,3.0,0.5,-1.0,6,70.0,6.28,Jolly,P,0.0,0.0,31.2,23.3,0.196
416b227fdbf454cb,BAYO V.,Udinese,A,1.0,1.9,1-2,2-3,1.0,2.0,2.0,3.0,0.5,-1.0,6,52.0,6.19,Riserva,P,0.0,0.0,14.8,7.4,0.099
f628d0def488e29d,SULEMANA K.,Atalanta,A,1.0,2.2,1-2,2-3,1.0,2.0,2.0,3.0,0.5,-1.0,6,44.0,6.35,Riserva,P,0.0,0.0,1.1,16.5,0.154
023abaf831815615,FRIGAN,Parma,A,1.0,2.2,1-2,2-3,1.0,2.0,2.0,3.0,0.5,-1.0,6,49.0,6.16,Riserva,P,0.0,0.0,6.2,6.2,0.078
b190311113bfb8bd,GUEYE,Udinese,A,1.0,2.3,1-2,2-3,1.0,2.0,2.0,3.0,0.5,-1.0,6,60.0,6.24,Riserva,P,0.0,0.0,25.6,13.1,0.144
5c604ae3c104a9a3,RATKOV,Lazio,A,1.0,5.1000000000000005,1-2,3-8,1.0,2.0,3.0,8.0,0.5,-4.0,6,59.0,6.36,Riserva,P,0.0,0.0,22.7,26.7,0.212
5c757c2996cad7a6,TREPY,Cagliari,A,1.0,1.9,1-2,2-3,1.0,2.0,2.0,3.0,0.5,-1.0,6,47.0,6.3,Riserva,P,0.0,0.0,2.8,11.9,0.141
e17e1f93d907767d,VAZ,Roma,A,1.0,1.9,1-2,2-3,1.0,2.0,2.0,3.0,0.5,-1.0,6,60.0,6.27,Riserva,P,0.0,0.0,25.6,19.9,0.162
c44727f632592d24,ELPHEGE,Parma,A,1.0,3.3,1-2,3-5,1.0,2.0,3.0,5.0,0.5,-2.0,6,80.0,6.34,TitLowCost,P,0.0,0.0,47.7,32.4,0.272
43846e981c2f250e,KULENOVIC,Torino,A,1.0,2.0,1-2,2-3,1.0,2.0,2.0,3.0,0.5,-1.0,6,74.0,6.28,Jolly,P,0.0,0.0,35.8,25.6,0.207
dcfa9685e0b0d726,GHEDJEMIS,Frosinone,A,1.0,7.0,1-2,4-11,1.0,2.0,4.0,11.0,0.5,-6.0,6,52.0,6.39,Riserva,P,20.0,20.0,14.8,24.4,0.203
a3b81e9c4cf130ca,ADORANTE,Venezia,A,1.0,2.4,1-2,2-3,1.0,2.0,2.0,3.0,0.5,-1.0,6,48.0,6.52,Riserva,P,0.0,0.0,4.5,31.2,0.25
22fe06ec614224f9,MUTANDWA,Cagliari,A,1.0,2.0,1-2,2-3,1.0,2.0,2.0,3.0,0.5,-1.0,6,52.0,6.69,Riserva,P,0.0,0.0,14.8,46.6,0.359
12f116a97ded58de,HAVEL,Genoa,A,1.0,2.1,1-2,2-3,1.0,2.0,2.0,3.0,0.5,-1.0,6,64.0,6.56,Riserva,P,0.0,0.0,27.8,44.9,0.358
611e4aac52653620,KVERNADZE,Frosinone,A,1.0,5.4,1-2,4-8,1.0,2.0,4.0,8.0,0.5,-4.0,6,88.0,6.19,TitLowCost,T,0.0,10.0,71.6,21.0,0.167
ec43b1b011adf98d,MOTA,Monza,A,1.0,3.7,1-2,3-5,1.0,2.0,3.0,5.0,0.5,-3.0,6,60.0,6.23,Riserva,P,10.0,0.0,25.6,10.8,0.138
6f80aeac51c2e707,LAUBERBACH,Venezia,A,1.0,1.8,1-2,2-3,1.0,2.0,2.0,3.0,0.5,-1.0,6,52.0,6.04,Riserva,P,0.0,0.0,14.8,5.1,0.021
3e32e913b694b2a2,LISMAN,Venezia,A,1.0,1.8,1-2,2-3,1.0,2.0,2.0,3.0,0.5,-1.0,6,53.0,5.78,Riserva,P,0.0,0.0,19.9,0.6,-0.117
c763c50e286420f8,ROBINSON J.,Monza,A,1.0,2.2,1-2,2-3,1.0,2.0,2.0,3.0,0.5,-1.0,6,58.0,5.81,Riserva,P,0.0,0.0,21.0,1.7,-0.11
f82b7d935718acde,MILIK,Juventus,A,1.0,2.3,1-2,2-3,1.0,2.0,2.0,3.0,0.5,-1.0,6,51.0,6.33,Riserva,P,0.0,0.0,9.7,22.2,0.168
2f426fe2e8545d57,LONTANI,Parma,A,1.0,2.8,1-2,2-4,1.0,2.0,2.0,4.0,0.5,-2.0,6,44.0,5.9,Riserva,P,0.0,0.0,1.1,4.0,-0.044
9670e510a124cda9,DE MARTIS,Parma,A,1.0,1.7,1-2,2-2,1.0,2.0,2.0,2.0,0.5,-1.0,6,48.0,5.83,Riserva,P,0.0,0.0,4.5,2.8,-0.082
57cad85a55de744e,FATAH,Lecce,A,1.0,2.1,1-2,2-3,1.0,2.0,2.0,3.0,0.5,-1.0,6,75.0,6.37,Jolly,P,0.0,0.0,37.5,33.5,0.278
77ad0d1ad6e519ab,BIRLIGEA,Frosinone,A,1.0,2.2,1-2,2-3,1.0,2.0,2.0,3.0,0.5,-1.0,6,50.0,6.24,Riserva,P,0.0,0.0,8.0,8.5,0.12
8042d7343d0d6d99,PAZ N.,Como,C,165.7,169.8,141-191,161-180,141.0,191.0,161.0,180.0,25.0,-4.0,1,92.0,7.3,Top,T,10.0,70.0,92.5,99.7,1.196
4b97a2e3540ce9e3,MCTOMINAY,Napoli,C,153.4,157.4,131-177,149-167,131.0,177.0,149.0,167.0,23.0,-4.0,1,92.0,7.21,Top,T,0.0,0.0,92.5,99.2,1.113
2d300791358db5d5,ORSOLINI,Bologna,C,133.3,129.3,114-154,120-139,114.0,154.0,120.0,139.0,20.0,4.0,1,92.0,7.16,Top,T,70.0,70.0,92.5,98.7,1.067
919b9774cc435a4f,PULISIC,Milan,C,125.2,123.1,107-144,114-133,107.0,144.0,114.0,133.0,18.5,2.0,1,88.0,7.17,Top,T,20.0,20.0,75.0,98.1,1.03
7c6d549aa96c5566,CALHANOGLU,Inter,C,119.9,144.2,102-138,135-154,102.0,138.0,135.0,154.0,18.0,-24.0,1,88.0,7.13,Top,T,70.0,60.0,75.0,97.6,0.994
67c04eea404d74b4,DE BRUYNE,Napoli,C,91.6,81.3,74-110,74-90,74.0,110.0,74.0,90.0,18.0,11.0,1,88.0,7.06,Top,T,70.0,70.0,75.0,97.0,0.933
a32afa05d4f3e19e,BATURINA,Como,C,87.6,98.19999999999999,71-106,91-106,71.0,106.0,91.0,106.0,17.5,-10.0,1,92.0,6.96,Semi-Top,T,0.0,20.0,92.5,96.5,0.883
091ffe863eef032e,ZACCAGNI,Lazio,C,79.8,84.3,64-96,78-92,64.0,96.0,78.0,92.0,16.0,-4.0,1,92.0,6.89,Semi-Top,T,70.0,70.0,92.5,94.9,0.819
0196391d461c7cce,VLASIC,Torino,C,79.8,67.0,64-96,61-74,64.0,96.0,61.0,74.0,16.0,13.0,1,92.0,6.89,Semi-Top,T,60.0,70.0,92.5,94.9,0.819
b150769a1b08373e,ATTA,Fiorentina,C,79.3,77.10000000000001,64-96,71-85,64.0,96.0,71.0,85.0,16.0,2.0,1,92.0,6.89,Semi-Top,T,0.0,0.0,92.5,94.9,0.819
17ce90674e6ff20f,ALAJBEGOVIC,Juventus,C,78.60000000000001,65.69999999999999,63-95,58-74,63.0,95.0,58.0,74.0,16.0,13.0,2,86.0,6.98,Semi-Top,B,0.0,0.0,64.0,96.0,0.843
9ce981c799e3d58b,MASTANTUONO,Fiorentina,C,74.30000000000001,74.7,60-90,67-83,60.0,90.0,67.0,83.0,15.0,-1.0,2,92.0,6.84,Semi-Top,T,10.0,20.0,92.5,92.7,0.773
ada0b610ea74e7c6,ZIELINSKI,Inter,C,73.6,55.800000000000004,59-89,50-63,59.0,89.0,50.0,63.0,15.0,18.0,2,86.0,6.93,Semi-Top,B,20.0,10.0,64.0,93.8,0.8
4e9b0681e0712d0a,CONCEICAO,Juventus,C,72.2,66.60000000000001,58-87,60-74,58.0,87.0,60.0,74.0,14.5,5.0,2,88.0,6.89,OttimoTit,T,0.0,0.0,75.0,93.3,0.783
f621b1a077a27c6b,RABIOT,Milan,C,71.1,86.2,57-86,79-94,57.0,86.0,79.0,94.0,14.5,-15.0,2,92.0,6.82,OttimoTit,T,0.0,0.0,92.5,91.7,0.754
579d1bdfa3201ee9,MORA,Roma,C,69.4,79.5,56-84,72-88,56.0,84.0,72.0,88.0,14.0,-11.0,2,86.0,6.89,OttimoTit,T,0.0,0.0,64.0,92.2,0.765
67b7a8069a4cb4be,DA CUNHA,Como,C,68.5,68.7,55-83,63-76,55.0,83.0,63.0,76.0,14.0,0.0,2,92.0,6.79,OttimoTit,T,70.0,10.0,92.5,90.6,0.727
023ff2d9f1ae687a,GUDMUNDSSON A.,Fiorentina,C,65.3,46.9,53-79,39-56,53.0,79.0,39.0,56.0,13.0,18.0,2,92.0,6.77,OttimoTit,T,20.0,10.0,92.5,90.1,0.708
f6e138363b917ec2,ZANIOLO,Udinese,C,63.70000000000001,59.6,51-77,53-67,51.0,77.0,53.0,67.0,13.0,4.0,2,83.0,6.9,OttimoTit,T,30.0,50.0,55.1,91.1,0.747
cf2538ef5a7e74c3,ROWE,Bologna,C,59.2,47.9,48-72,41-56,48.0,72.0,41.0,56.0,12.0,11.0,2,84.0,6.83,OttimoTit,B,0.0,0.0,57.8,89.5,0.697
524286a6b7d0f1f1,BARELLA,Inter,C,58.6,60.8,47-71,56-67,47.0,71.0,56.0,67.0,12.0,-2.0,3,92.0,6.71,OttimoTit,T,0.0,0.0,92.5,89.0,0.653
ec269613f05be88f,MOREIRA,Milan,C,57.6,44.0,47-70,37-52,47.0,70.0,37.0,52.0,11.5,14.0,3,92.0,6.7,OttimoTit,T,0.0,0.0,92.5,87.9,0.644
d15feaa203e6bfad,EDERSON D.S.,Atalanta,C,48.800000000000004,39.800000000000004,40-59,35-46,40.0,59.0,35.0,46.0,9.5,9.0,3,92.0,6.68,OttimoTit,T,20.0,0.0,92.5,87.4,0.626
f98e4a5ec7b5e482,TAYLOR K.,Lazio,C,48.4,33.099999999999994,39-59,29-38,39.0,59.0,29.0,38.0,10.0,15.0,3,92.0,6.67,OttimoTit,T,20.0,10.0,92.5,86.8,0.616
3020fe26038f142e,MCKENNIE,Juventus,C,48.300000000000004,55.199999999999996,39-58,50-62,39.0,58.0,50.0,62.0,9.5,-7.0,3,86.0,6.75,OttimoTit,B,0.0,0.0,64.0,88.4,0.645
1f4c91f1d4c5ed70,KONÈ M.,Roma,C,46.9,34.3,36-59,30-40,36.0,59.0,30.0,40.0,11.5,13.0,3,92.0,6.66,OttimoTit,T,0.0,0.0,92.5,86.3,0.607
e7bf277e8518431c,JONES C.,Inter,C,45.199999999999996,34.1,34-57,28-41,34.0,57.0,28.0,41.0,11.5,11.0,3,90.0,6.67,OttimoTit,B,0.0,0.0,83.1,85.8,0.603
b1c1ad4ef6dbb046,POLITANO,Napoli,C,38.699999999999996,32.599999999999994,30-49,27-39,30.0,49.0,27.0,39.0,9.5,6.0,3,88.0,6.66,OttimoTit,T,10.0,20.0,75.0,84.7,0.581
3644868f726740bc,SAMARDZIC,Atalanta,C,38.4,45.400000000000006,29-48,39-52,29.0,48.0,39.0,52.0,9.5,-7.0,3,86.0,6.69,OttimoTit,B,0.0,50.0,64.0,85.2,0.593
c7602e793fa92ca4,KESSIÈ,Atalanta,C,36.2,33.0,28-46,27-40,28.0,46.0,27.0,40.0,9.0,3.0,3,88.0,6.64,OttimoTit,B,0.0,0.0,75.0,83.6,0.563
2383240a16771104,BERNARDESCHI,Bologna,C,35.5,22.2,27-45,18-27,27.0,45.0,18.0,27.0,9.0,14.0,4,88.0,6.63,OttimoTit,B,10.0,20.0,75.0,83.1,0.554
735ac0ec3af0b7ee,FRATTESI,Lazio,C,31.5,51.9,24-40,46-59,24.0,40.0,46.0,59.0,8.0,-20.0,4,87.0,6.6,OttimoTit,T,0.0,0.0,68.5,82.5,0.522
dd9730d018b8d520,EKKELENKAMP,Udinese,C,31.4,36.4,24-40,32-41,24.0,40.0,32.0,41.0,8.0,-5.0,4,92.0,6.54,OttimoTit,T,0.0,40.0,92.5,81.5,0.497
8dc136d42a30989e,GONZALEZ N.,Juventus,C,31.4,17.0,24-40,12-23,24.0,40.0,12.0,23.0,8.0,14.0,4,75.0,6.77,OttimoTit,P,0.0,0.0,34.4,84.1,0.577
f3f126dfa6517e0c,ISAKSEN,Lazio,C,21.9,14.1,17-28,11-19,17.0,28.0,11.0,19.0,5.5,8.0,4,90.0,6.53,OttimoTit,T,0.0,0.0,83.1,79.8,0.477
244befcf14df0e9c,THURAM K.,Juventus,C,20.8,15.6,16-26,12-21,16.0,26.0,12.0,21.0,5.0,5.0,4,88.0,6.54,OttimoTit,T,0.0,0.0,75.0,79.3,0.475
5617351c2f835a79,DIOUF,Inter,C,19.599999999999998,32.300000000000004,15-25,27-39,15.0,25.0,27.0,39.0,5.0,-12.0,4,84.0,6.58,OttimoTit,B,0.0,0.0,57.8,80.9,0.487
ed01aa3d8ad2a0ae,ZAMBO ANGUISSA,Napoli,C,18.1,23.5,14-23,19-29,14.0,23.0,19.0,29.0,4.5,-6.0,4,78.0,6.64,OttimoTit,P,0.0,0.0,44.9,82.0,0.499
1f8f1ebf2b71f120,BUSIO,Venezia,C,17.9,5.7,14-23,4-8,14.0,23.0,4.0,8.0,4.5,12.0,4,92.0,6.47,OttimoTit,T,70.0,70.0,92.5,75.5,0.432
c7dac029d71bd609,GAETANO,Atalanta,C,17.3,14.7,13-22,11-19,13.0,22.0,11.0,19.0,4.5,2.0,4,86.0,6.53,OttimoTit,T,0.0,40.0,64.0,77.7,0.456
cc162c2b63943542,ODGAARD,Bologna,C,17.0,5.3,13-22,4-8,13.0,22.0,4.0,8.0,4.5,12.0,5,86.0,6.52,OttimoTit,B,0.0,0.0,64.0,77.2,0.447
542509312fe8c446,MODRIC,Milan,C,16.400000000000002,26.0,13-21,22-31,13.0,21.0,22.0,31.0,4.0,-10.0,5,88.0,6.49,OttimoTit,T,10.0,70.0,75.0,74.7,0.431
75290e24c6d81b8f,BALDANZI,Genoa,C,16.299999999999997,23.0,13-21,19-28,13.0,21.0,19.0,28.0,4.0,-7.0,5,88.0,6.49,OttimoTit,B,0.0,50.0,75.0,74.7,0.431
7e0e6c1715e346d4,RODRIGUEZ JE.,Como,C,16.0,19.5,12-20,15-25,12.0,20.0,15.0,25.0,4.0,-4.0,5,80.0,6.59,OttimoTit,P,0.0,0.0,51.1,78.8,0.472
9ee7982f0cfe5443,PERRONE,Como,C,15.4,13.100000000000001,12-20,10-17,12.0,20.0,10.0,17.0,4.0,2.0,5,92.0,6.44,OttimoTit,T,0.0,0.0,92.5,71.0,0.405
537ed5f718939fc3,PASALIC,Atalanta,C,15.2,6.7,12-19,5-10,12.0,19.0,5.0,10.0,3.5,8.0,5,76.0,6.64,OttimoTit,P,0.0,0.0,39.2,80.4,0.486
7d3cdf9950338905,CALÒ,Frosinone,C,14.3,14.8,11-18,12-19,11.0,18.0,12.0,19.0,3.5,-1.0,5,88.0,6.47,OttimoTit,T,70.0,70.0,75.0,72.3,0.414
db68f3a0adf779a4,CASADEI,Torino,C,14.1,15.299999999999999,11-18,12-20,11.0,18.0,12.0,20.0,3.5,-1.0,5,86.0,6.49,OttimoTit,T,0.0,0.0,64.0,73.4,0.421
2b6552c811dfcce6,NDOUR,Fiorentina,C,13.6,8.200000000000001,11-17,6-12,11.0,17.0,6.0,12.0,3.0,6.0,5,88.0,6.46,OttimoTit,B,0.0,0.0,75.0,71.0,0.405
d0a5f8da0937c0da,SAELEMAEKERS,Milan,C,13.2,22.3,10-17,18-28,10.0,17.0,18.0,28.0,3.5,-9.0,5,76.0,6.61,OttimoTit,P,0.0,0.0,39.2,78.2,0.464
eedb7f7a9ce46ee7,FAZZINI,Cagliari,C,12.8,10.9,10-16,8-14,10.0,16.0,8.0,14.0,3.0,2.0,6,90.0,6.43,OttimoTit,T,10.0,70.0,83.1,69.1,0.387
0986d0f4fbc02fd8,PISILLI,Roma,C,12.4,5.8,10-16,4-8,10.0,16.0,4.0,8.0,3.0,6.0,6,80.0,6.55,TitLowCost,P,0.0,0.0,51.1,76.6,0.44
837aa92f0277ddb3,BERNABÈ,Parma,C,11.0,13.4,9-14,11-17,9.0,14.0,11.0,17.0,2.5,-2.0,6,90.0,6.42,TitLowCost,T,10.0,70.0,83.1,67.5,0.378
f2ea849be328d810,LIBERALI,Como,C,9.6,8.200000000000001,8-12,6-11,8.0,12.0,6.0,11.0,2.0,2.0,6,76.0,6.57,TitLowCost,P,0.0,0.0,39.2,76.1,0.433
ce90ef4c54064e9b,LOCATELLI,Juventus,C,8.8,8.200000000000001,7-11,6-11,7.0,11.0,6.0,11.0,2.0,1.0,6,92.0,6.37,TitLowCost,T,10.0,20.0,92.5,63.4,0.34
e093e365864661a5,CHUKWUEZE,Milan,C,8.8,17.6,7-11,13-23,7.0,11.0,13.0,23.0,2.0,-9.0,6,76.0,6.56,TitLowCost,P,0.0,0.0,39.2,73.9,0.426
464012888633ae9a,COLPANI,Monza,C,8.7,9.1,7-11,7-13,7.0,11.0,7.0,13.0,2.0,0.0,6,88.0,6.41,TitLowCost,B,0.0,60.0,75.0,66.9,0.361
2f9b8a3c383d9424,SCHMID,Frosinone,C,8.4,4.4,7-11,3-6,7.0,11.0,3.0,6.0,2.0,4.0,6,92.0,6.37,TitLowCost,T,0.0,0.0,92.5,63.4,0.34
f615cbbd541555ff,CANCELLIERI,Lazio,C,8.200000000000001,5.4,7-11,4-8,7.0,11.0,4.0,8.0,2.0,3.0,6,80.0,6.5,TitLowCost,P,0.0,0.0,51.1,69.9,0.4
1c471023eea83a72,VERGARA,Napoli,C,7.9,17.4,6-10,13-23,6.0,10.0,13.0,23.0,2.0,-9.0,6,80.0,6.5,TitLowCost,P,0.0,0.0,51.1,69.9,0.4
95c03b3843364e36,ELMAS,Atalanta,C,7.7,4.7,6-10,3-7,6.0,10.0,3.0,7.0,2.0,3.0,7,76.0,6.55,TitLowCost,P,0.0,0.0,39.2,72.8,0.418
538ca2b48f9380ed,SUCIC P.,Inter,C,7.1000000000000005,12.200000000000001,6-9,9-16,6.0,9.0,9.0,16.0,1.5,-5.0,7,76.0,6.54,TitLowCost,P,0.0,0.0,39.2,71.8,0.41
f68fcca668fc91cc,OULAI,Fiorentina,C,6.7,4.2,6-9,3-6,6.0,9.0,3.0,6.0,1.5,3.0,7,80.0,6.48,TitLowCost,B,0.0,0.0,51.1,68.5,0.384
c093786e10ea41cb,CAMBIAGHI,Bologna,C,5.6,4.7,5-7,3-7,5.0,7.0,3.0,7.0,1.0,1.0,7,86.0,6.4,TitLowCost,B,0.0,0.0,64.0,64.5,0.344
63d7a5cf987876d5,CRISTANTE,Roma,C,5.5,6.7,5-7,5-9,5.0,7.0,5.0,9.0,1.0,-1.0,7,86.0,6.4,TitLowCost,T,0.0,0.0,64.0,64.5,0.344
faedadfa2e7c9fd6,MANDRAGORA,Fiorentina,C,4.8999999999999995,5.2,4-7,4-8,4.0,7.0,4.0,8.0,1.5,0.0,7,84.0,6.42,TitLowCost,B,0.0,70.0,57.8,65.3,0.353
cd037660763a370f,CACCIAMANI,Torino,C,4.2,7.0,4-6,5-10,4.0,6.0,5.0,10.0,1.0,-3.0,7,90.0,6.35,TitLowCost,T,0.0,0.0,83.1,60.5,0.315
84eda20690166840,ZALEWSKI,Atalanta,C,4.0,5.8,3-5,4-9,3.0,5.0,4.0,9.0,1.0,-2.0,7,76.0,6.5,TitLowCost,P,0.0,0.0,39.2,68.0,0.38
ee0a36d3dcd89478,PIEROTTI,Lecce,C,4.0,2.8,3-5,3-4,3.0,5.0,3.0,4.0,1.0,1.0,7,92.0,6.33,TitLowCost,T,0.0,10.0,92.5,59.1,0.304
0d1ad82ab6f6bc50,LOBOTKA,Napoli,C,3.8,5.8,3-5,4-8,3.0,5.0,4.0,8.0,1.0,-2.0,7,88.0,6.36,TitLowCost,T,0.0,0.0,75.0,61.3,0.317
a4457d7ee78ee89b,FAGIOLI,Fiorentina,C,3.6,3.9,3-5,3-6,3.0,5.0,3.0,6.0,1.0,0.0,8,88.0,6.36,TitLowCost,B,0.0,0.0,75.0,61.3,0.317
555c7d026b926bba,KOOPMEINERS,Juventus,C,1.6,3.0,2-2,2-5,2.0,2.0,2.0,5.0,0.0,-1.0,8,76.0,6.47,TitLowCost,P,0.0,0.0,39.2,66.1,0.357
88d437b7a74c0aeb,TRAORÈ HJ.,Genoa,C,1.1,2.6,1-2,3-4,1.0,2.0,3.0,4.0,0.5,-2.0,8,76.0,6.47,TitLowCost,B,0.0,0.0,39.2,66.1,0.357
96dcc8b63f0e4005,ADOPO,Cagliari,C,1.0,2.5,1-2,2-4,1.0,2.0,2.0,4.0,0.5,-2.0,8,92.0,6.25,TitLowCost,T,0.0,0.0,92.5,47.6,0.23
ba1589ac25273a04,CATALDI,Lazio,C,1.0,2.3,1-2,2-3,1.0,2.0,2.0,3.0,0.5,-1.0,8,79.0,6.3,TitLowCost,B,10.0,20.0,47.0,48.7,0.237
3f09cae21a0d6881,DE ROON,Roma,C,1.0,2.4,1-2,2-4,1.0,2.0,2.0,4.0,0.5,-1.0,8,80.0,6.25,TitLowCost,P,0.0,0.0,51.1,42.7,0.2
fd76a8af6a78823b,FERGUSON,Bologna,C,1.0,3.9,1-2,3-6,1.0,2.0,3.0,6.0,0.5,-3.0,8,88.0,6.33,TitLowCost,T,0.0,0.0,75.0,57.3,0.29
ac23777039f25fb5,ILIC,Lecce,C,1.0,2.6,1-2,3-4,1.0,2.0,3.0,4.0,0.5,-2.0,8,83.0,6.26,TitLowCost,B,0.0,0.0,55.1,46.0,0.216
3108ad9039502acd,MALEH,Lecce,C,1.0,2.4,1-2,2-3,1.0,2.0,2.0,3.0,0.5,-1.0,8,52.0,5.94,Riserva,P,0.0,0.0,8.6,7.8,-0.031
4bdb870fd04ca259,MESSIAS,Genoa,C,1.0,2.3,1-2,2-3,1.0,2.0,2.0,3.0,0.5,-1.0,8,64.0,6.24,Riserva,P,0.0,10.0,24.2,36.3,0.154
a4704bf32de26432,MKHITARYAN,Inter,C,1.0,2.9,1-2,3-4,1.0,2.0,3.0,4.0,0.5,-2.0,8,60.0,6.28,Riserva,P,0.0,0.0,19.6,38.4,0.168
1b3c8ed9995c6ce7,MORO N.,Bologna,C,1.0,2.3,1-2,2-3,1.0,2.0,2.0,3.0,0.5,-1.0,8,76.0,6.29,TitLowCost,P,0.0,0.0,39.2,46.5,0.22
3404980e6ee12b6c,POBEGA,Bologna,C,1.0,2.1,1-2,2-3,1.0,2.0,2.0,3.0,0.5,-1.0,8,80.0,6.34,TitLowCost,P,0.0,0.0,51.1,53.0,0.272
1494a43925546f43,RICCI S.,Como,C,1.0,2.6,1-2,2-4,1.0,2.0,2.0,4.0,0.5,-2.0,8,52.0,6.04,Riserva,P,0.0,0.0,8.6,18.0,0.021
366af5d63ad1a53b,ROVELLA,Lazio,C,1.0,2.8,1-2,2-4,1.0,2.0,2.0,4.0,0.5,-2.0,8,88.0,6.26,TitLowCost,B,0.0,0.0,75.0,47.0,0.229
b88f86eec8b6ee61,SULEMANA I.,Atalanta,C,1.0,2.2,1-2,2-3,1.0,2.0,2.0,3.0,0.5,-1.0,8,52.0,6.02,Riserva,P,0.0,0.0,8.6,15.9,0.01
7ce88cfb246e1744,LOFTUS-CHEEK,Milan,C,1.0,4.8,1-2,3-7,1.0,2.0,3.0,7.0,0.5,-4.0,8,72.0,6.15,Jolly,P,0.0,0.0,29.6,29.8,0.108
779b5c6b00b7d879,FOLORUNSHO,Monza,C,1.0,3.0,1-2,3-4,1.0,2.0,3.0,4.0,0.5,-2.0,8,86.0,6.2,TitLowCost,B,0.0,0.0,64.0,39.0,0.172
3d738e02d95025f4,DEIOLA,Cagliari,C,1.0,2.2,1-2,2-3,1.0,2.0,2.0,3.0,0.5,-1.0,8,86.0,6.3,TitLowCost,B,20.0,0.0,64.0,51.9,0.258
908db68d6fba2ba1,FABBIAN,Parma,C,1.0,3.5,1-2,3-5,1.0,2.0,3.0,5.0,0.5,-3.0,8,56.0,6.15,Riserva,P,0.0,0.0,16.1,28.0,0.084
6361121889f6161c,FRENDRUP,Genoa,C,1.0,3.4,1-2,3-5,1.0,2.0,3.0,5.0,0.5,-2.0,8,78.0,6.23,TitLowCost,B,0.0,20.0,44.9,40.6,0.179
0ada4a00a3f9a3d4,GINEITIS,Torino,C,1.0,2.2,1-2,2-3,1.0,2.0,2.0,3.0,0.5,-1.0,8,86.0,6.29,TitLowCost,T,0.0,10.0,64.0,50.3,0.249
521f5c1aa54fb896,ZARRAGA,Udinese,C,1.0,1.7,1-2,2-2,1.0,2.0,2.0,2.0,0.5,-1.0,8,52.0,5.97,Riserva,P,0.0,0.0,8.6,11.3,-0.016
58dc7555845aeb40,MUSAH,Milan,C,1.0,2.4,1-2,2-3,1.0,2.0,2.0,3.0,0.5,-1.0,8,72.0,6.04,Jolly,P,0.0,0.0,29.6,18.5,0.029
46b443423da354bd,KABA,Lecce,C,1.0,1.8,1-2,2-2,1.0,2.0,2.0,2.0,0.5,-1.0,8,56.0,6.02,Riserva,P,0.0,0.0,16.1,16.4,0.011
af81beeba0cb716b,BELAHYANE,Lazio,C,1.0,1.7,1-2,2-2,1.0,2.0,2.0,2.0,0.5,-1.0,8,52.0,5.97,Riserva,P,0.0,0.0,8.6,11.3,-0.016
87d8526125c217b9,DOUGLAS LUIZ,Juventus,C,1.0,8.1,1-2,6-11,1.0,2.0,6.0,11.0,0.5,-7.0,8,76.0,6.4,TitLowCost,P,0.0,0.0,39.2,59.1,0.304
024cde16441630f5,SOHM,Venezia,C,1.0,2.3,1-2,2-3,1.0,2.0,2.0,3.0,0.5,-1.0,8,76.0,5.96,TitLowCost,P,0.0,0.0,39.2,8.3,-0.03
a35e36c3a510bd15,DELE-BASHIRU,Lazio,C,1.0,2.2,1-2,2-3,1.0,2.0,2.0,3.0,0.5,-1.0,8,73.0,6.37,Jolly,P,0.0,0.0,31.2,52.4,0.27
50cc8df72f86afa3,ELLERTSSON,Genoa,C,1.0,2.4,1-2,2-4,1.0,2.0,2.0,4.0,0.5,-1.0,8,86.0,6.33,TitLowCost,B,0.0,20.0,64.0,56.2,0.284
114849d67140db92,FELICI,Cagliari,C,1.0,2.3,1-2,2-3,1.0,2.0,2.0,3.0,0.5,-1.0,8,52.0,6.15,Riserva,P,0.0,0.0,8.6,26.6,0.078
135b60ee42d22f82,ZERBIN,Frosinone,C,1.0,2.5,1-2,2-4,1.0,2.0,2.0,4.0,0.5,-2.0,8,88.0,6.08,TitLowCost,B,0.0,0.0,75.0,25.5,0.07
4d3616d610fcf09b,KARLSTROM,Udinese,C,1.0,2.6,1-2,2-4,1.0,2.0,2.0,4.0,0.5,-2.0,8,92.0,6.16,TitLowCost,T,0.0,0.0,92.5,34.9,0.147
4af7ba828393ffa5,ALMQVIST,Parma,C,1.0,2.4,1-2,2-3,1.0,2.0,2.0,3.0,0.5,-1.0,8,60.0,6.08,Riserva,P,0.0,0.0,19.6,22.3,0.048
fc280b3d94634812,COULIBALY L.,Lecce,C,1.0,2.7,1-2,2-4,1.0,2.0,2.0,4.0,0.5,-2.0,8,92.0,6.19,TitLowCost,T,0.0,0.0,92.5,39.5,0.175
6dc97eefcdbe8295,BRESCIANINI,Fiorentina,C,1.0,2.7,1-2,3-4,1.0,2.0,3.0,4.0,0.5,-2.0,8,52.0,6.06,Riserva,P,0.0,0.0,8.6,19.4,0.031
1dced1b0bf8043a7,FADERA,Cagliari,C,1.0,2.5,1-2,3-3,1.0,2.0,3.0,3.0,0.5,-2.0,8,56.0,6.1,Riserva,P,0.0,0.0,16.1,23.4,0.056
81317887b9e00528,FOFANA Y.,Milan,C,1.0,2.1,1-2,2-3,1.0,2.0,2.0,3.0,0.5,-1.0,8,52.0,6.24,Riserva,P,0.0,0.0,8.6,32.0,0.125
c1fef39f07b6a75c,DOMINGUEZ B.,Sassuolo,C,1.0,2.6,1-2,3-4,1.0,2.0,3.0,4.0,0.5,-2.0,8,78.0,6.37,TitLowCost,P,0.0,0.0,44.9,56.7,0.289
30e25f2627e5efe3,ANJORIN,Torino,C,1.0,1.8,1-2,2-2,1.0,2.0,2.0,2.0,0.5,-1.0,8,74.0,6.24,Jolly,P,0.0,0.0,32.5,40.1,0.178
0cb705306390a631,GILMOUR,Napoli,C,1.0,2.1,1-2,2-3,1.0,2.0,2.0,3.0,0.5,-1.0,8,56.0,6.06,Riserva,P,0.0,0.0,16.1,20.2,0.034
7b11efe6af05d5bf,KEITA M.,Parma,C,1.0,2.5,1-2,2-4,1.0,2.0,2.0,4.0,0.5,-2.0,8,92.0,6.12,TitLowCost,T,0.0,0.0,92.5,30.4,0.11
982297fdfdaaffbd,BERISHA M.,Lecce,C,1.0,2.8,1-2,3-4,1.0,2.0,3.0,4.0,0.5,-2.0,8,88.0,6.31,TitLowCost,T,10.0,30.0,75.0,53.5,0.273
a559295f8cc4b9b0,BASIC,Venezia,C,1.0,3.1,1-2,3-5,1.0,2.0,3.0,5.0,0.5,-2.0,8,92.0,6.08,TitLowCost,T,0.0,20.0,92.5,26.1,0.074
1f2c9d5f58cff9e6,NJIE,Fiorentina,C,1.0,4.4,1-2,3-7,1.0,2.0,3.0,7.0,0.5,-3.0,8,60.0,6.1,Riserva,P,0.0,0.0,19.6,24.2,0.06
814201f47b3b1e10,CAQUERET,Como,C,1.0,2.4,1-2,2-3,1.0,2.0,2.0,3.0,0.5,-1.0,8,80.0,6.3,TitLowCost,P,0.0,0.0,51.1,49.2,0.24
35adc140c05ecb8b,HELGASON,Venezia,C,1.0,2.7,1-2,3-4,1.0,2.0,3.0,4.0,0.5,-2.0,8,75.0,5.97,TitLowCost,P,0.0,0.0,34.4,9.9,-0.023
b2bdb5a5f031dec3,MASINI,Frosinone,C,1.0,2.6,1-2,3-4,1.0,2.0,3.0,4.0,0.5,-2.0,8,80.0,5.92,TitLowCost,P,0.0,0.0,51.1,5.6,-0.064
2b425c4cacbe4bde,VENTURINO,Genoa,C,1.0,2.5,1-2,2-4,1.0,2.0,2.0,4.0,0.5,-2.0,8,58.0,6.07,Riserva,P,0.0,0.0,18.0,21.2,0.041
932039b42869d4fc,LUIS HENRIQUE,Inter,C,1.0,2.6,1-2,2-4,1.0,2.0,2.0,4.0,0.5,-2.0,8,64.0,6.23,Riserva,P,0.0,0.0,24.2,34.9,0.147
fcefc31afb2a1f0b,ADDAI,Como,C,1.0,2.3,1-2,2-3,1.0,2.0,2.0,3.0,0.5,-1.0,8,65.0,6.39,Riserva,P,0.0,0.0,26.3,50.8,0.253
b577b5d8c9f79d23,THORSTVEDT,Sassuolo,C,1.0,8.7,1-2,6-12,1.0,2.0,6.0,12.0,0.5,-8.0,8,60.0,6.27,Riserva,P,0.0,0.0,19.6,37.4,0.162
b4f519c336740953,EL AYNAOUI,Roma,C,1.0,2.4,1-2,2-3,1.0,2.0,2.0,3.0,0.5,-1.0,8,64.0,6.19,Riserva,P,0.0,0.0,24.2,31.5,0.122
56f4d96aae2b14a2,BOLOCA,Sassuolo,C,1.0,2.1,1-2,2-3,1.0,2.0,2.0,3.0,0.5,-1.0,8,46.0,5.98,Riserva,P,0.0,0.0,0.5,12.1,-0.009
adb6ea8e3da5a62c,IANNONI,Sassuolo,C,1.0,1.9,1-2,2-3,1.0,2.0,2.0,3.0,0.5,-1.0,8,50.0,5.96,Riserva,P,0.0,0.0,2.2,10.5,-0.02
8a619d50a422c287,ABOUKHLAL,Torino,C,1.0,2.4,1-2,3-3,1.0,2.0,3.0,3.0,0.5,-1.0,8,50.0,6.12,Riserva,P,0.0,0.0,2.2,24.2,0.06
2985626f47629fd2,ORDONEZ C.,Parma,C,1.0,2.4,1-2,2-3,1.0,2.0,2.0,3.0,0.5,-1.0,8,52.0,5.91,Riserva,P,0.0,0.0,8.6,6.7,-0.047
d5fbc659b6ee7259,VOLPATO,Sassuolo,C,1.0,5.1000000000000005,1-2,4-8,1.0,2.0,4.0,8.0,0.5,-4.0,8,72.0,6.2,Jolly,P,0.0,0.0,29.6,34.1,0.144
d0482a12b8ac7674,KONÈ I.,Sassuolo,C,1.0,2.9,1-2,3-4,1.0,2.0,3.0,4.0,0.5,-2.0,8,61.0,6.4,Riserva,T,0.0,0.0,21.8,49.7,0.244
48885bd4b4086481,LIPANI,Sassuolo,C,1.0,2.4,1-2,2-3,1.0,2.0,2.0,3.0,0.5,-1.0,8,64.0,5.99,Riserva,P,0.0,0.0,24.2,12.6,-0.006
4c08615ffa200881,PIOTROWSKI,Udinese,C,1.0,2.6,1-2,2-4,1.0,2.0,2.0,4.0,0.5,-2.0,8,84.0,6.33,TitLowCost,B,0.0,0.0,57.8,54.0,0.277
c813d28b497f68eb,LITETA,Cagliari,C,1.0,2.0,1-2,2-3,1.0,2.0,2.0,3.0,0.5,-1.0,8,48.0,5.92,Riserva,P,0.0,0.0,1.3,7.3,-0.038
cef9efd1d90cce72,JASHARI,Milan,C,1.0,2.9,1-2,2-4,1.0,2.0,2.0,4.0,0.5,-2.0,8,88.0,6.32,TitLowCost,T,0.0,0.0,75.0,55.6,0.282
e5083970b71afedf,MILLER L.,Udinese,C,1.0,2.3,1-2,2-3,1.0,2.0,2.0,3.0,0.5,-1.0,8,80.0,6.26,TitLowCost,B,0.0,0.0,51.1,45.4,0.208
d2a885a99714249a,SORENSEN O.,Parma,C,1.0,2.5,1-2,3-3,1.0,2.0,3.0,3.0,0.5,-2.0,8,52.0,6.03,Riserva,P,0.0,0.0,8.6,17.5,0.016
de8fc12177d05fe3,ADZIC,Sassuolo,C,1.0,9.4,1-2,7-13,1.0,2.0,7.0,13.0,0.5,-8.0,8,77.0,6.44,TitLowCost,T,0.0,10.0,43.3,62.6,0.339
21068c7ee55861ad,ILKHAN,Torino,C,1.0,2.3,1-2,3-3,1.0,2.0,3.0,3.0,0.5,-1.0,8,70.0,6.06,Jolly,P,0.0,0.0,27.7,21.8,0.042
f488892f30ce4220,MATIC,Sassuolo,C,1.0,2.6,1-2,2-4,1.0,2.0,2.0,4.0,0.5,-2.0,8,90.0,6.15,TitLowCost,T,0.0,0.0,83.1,33.1,0.135
90ec6bd0eb7c80f6,ORISTANIO,Torino,C,1.0,3.1,1-2,3-4,1.0,2.0,3.0,4.0,0.5,-2.0,8,75.0,6.37,TitLowCost,P,0.0,30.0,34.4,54.6,0.278
ea7117ccc18ec260,ZHEGROVA,Juventus,C,1.0,3.9,1-2,3-6,1.0,2.0,3.0,6.0,0.5,-3.0,8,56.0,6.36,Riserva,P,0.0,0.0,16.1,43.3,0.202
2165e3c73149537f,NICOLUSSI CAVIGLIA,Parma,C,1.0,2.6,1-2,2-4,1.0,2.0,2.0,4.0,0.5,-2.0,8,83.0,6.24,TitLowCost,T,0.0,10.0,55.1,42.2,0.199
15ef4fc3e623b0ed,CREMASCHI,Parma,C,1.0,1.7,1-2,2-2,1.0,2.0,2.0,2.0,0.5,-1.0,8,51.0,6.03,Riserva,P,0.0,0.0,3.2,16.9,0.015
526ae3ea17efb18f,GORTER,Lecce,C,1.0,2.2,1-2,2-3,1.0,2.0,2.0,3.0,0.5,-1.0,8,84.0,6.17,TitLowCost,B,0.0,0.0,57.8,33.6,0.143
899b8611251c7e93,GANDELMAN,Lecce,C,1.0,2.4,1-2,2-3,1.0,2.0,2.0,3.0,0.5,-1.0,8,72.0,6.11,Jolly,P,0.0,0.0,29.6,27.2,0.079
4efd05ac35d46f2f,NGOM,Lecce,C,1.0,2.9,1-2,3-4,1.0,2.0,3.0,4.0,0.5,-2.0,8,80.0,6.16,TitLowCost,P,0.0,0.0,51.1,32.5,0.128
2d0f9ca777440f15,FOFANA SA.,Lecce,C,1.0,1.7,1-2,2-2,1.0,2.0,2.0,2.0,0.5,-1.0,8,51.0,5.82,Riserva,P,0.0,0.0,3.2,4.0,-0.092
bd2ecbb90fba7751,AMORIM,Genoa,C,1.0,2.5,1-2,2-4,1.0,2.0,2.0,4.0,0.5,-2.0,8,86.0,6.21,TitLowCost,B,0.0,0.0,64.0,41.1,0.181
8bbaea72ddfd2aac,PRZYBOREK,Lazio,C,1.0,1.9,1-2,2-3,1.0,2.0,2.0,3.0,0.5,-1.0,8,54.0,6.07,Riserva,P,0.0,0.0,14.0,20.7,0.038
b10c7dc074d9e3d8,BAKOLA,Sassuolo,C,1.0,3.1,1-2,3-5,1.0,2.0,3.0,5.0,0.5,-2.0,8,79.0,6.26,TitLowCost,P,0.0,0.0,47.0,44.1,0.205
37c6b44adee253a6,LAHDO,Como,C,1.0,1.9,1-2,2-3,1.0,2.0,2.0,3.0,0.5,-1.0,8,46.0,6.02,Riserva,P,0.0,0.0,0.5,15.1,0.009
6f8a82c8d1a10c57,PESSINA,Monza,C,1.0,3.6,1-2,3-5,1.0,2.0,3.0,5.0,0.5,-3.0,8,75.0,6.45,TitLowCost,T,70.0,30.0,34.4,62.1,0.338
b54d56d2bca0e9ab,MEICHTRY,Genoa,C,1.0,2.4,1-2,3-3,1.0,2.0,3.0,3.0,0.5,-1.0,8,74.0,6.42,Jolly,P,0.0,0.0,32.5,59.9,0.311
21feb1a38a03544f,STANKOVIC A.,Inter,C,1.0,3.0,1-2,3-4,1.0,2.0,3.0,4.0,0.5,-2.0,8,70.0,6.4,Jolly,P,0.0,0.0,27.7,55.1,0.28
f8425374dae464a1,KOUTSOUPIAS,Frosinone,C,1.0,2.2,1-2,2-3,1.0,2.0,2.0,3.0,0.5,-1.0,8,76.0,6.13,TitLowCost,P,0.0,0.0,39.2,29.3,0.099
84212b6d86d8c8bb,UNAI GOMEZ,Udinese,C,1.0,4.3,1-2,3-6,1.0,2.0,3.0,6.0,0.5,-3.0,8,70.0,6.23,Jolly,P,0.0,0.0,27.7,36.8,0.161
5f17c21a21c33361,COLOMBO L.,Monza,C,1.0,2.6,1-2,3-4,1.0,2.0,3.0,4.0,0.5,-2.0,8,73.0,5.73,Jolly,P,0.0,0.0,31.2,0.3,-0.197
8b06a63e230196d1,GELLI F.,Frosinone,C,1.0,2.3,1-2,2-3,1.0,2.0,2.0,3.0,0.5,-1.0,8,52.0,5.79,Riserva,P,0.0,0.0,8.6,3.2,-0.109
76179ad5108b5e4c,CHAKVETADZE,Udinese,C,1.0,1.9,1-2,2-3,1.0,2.0,2.0,3.0,0.5,-1.0,8,61.0,6.1,Riserva,P,0.0,0.0,21.8,25.0,0.061
19c665375c8ccf81,CICHELLA,Frosinone,C,1.0,2.6,1-2,3-4,1.0,2.0,3.0,4.0,0.5,-2.0,8,88.0,6.01,TitLowCost,T,0.0,0.0,75.0,15.1,0.009
3c28257a692d7ab7,MILLA,Como,C,1.0,3.5,1-2,3-5,1.0,2.0,3.0,5.0,0.5,-3.0,8,52.0,6.06,Riserva,P,0.0,0.0,8.6,19.4,0.031
cddd5377d43eab56,EL AZZOUZI O.,Bologna,C,1.0,2.3,1-2,2-3,1.0,2.0,2.0,3.0,0.5,-1.0,8,79.0,6.19,TitLowCost,T,0.0,0.0,47.0,35.8,0.15
b601847d18addfa6,ROMANO,Cagliari,C,1.0,3.9,1-2,3-6,1.0,2.0,3.0,6.0,0.5,-3.0,8,92.0,6.21,TitLowCost,T,0.0,10.0,92.5,41.7,0.193
b126b88c7b53b3e7,CIURRIA,Monza,C,1.0,2.4,1-2,3-3,1.0,2.0,3.0,3.0,0.5,-1.0,8,65.0,5.86,Riserva,B,0.0,0.0,26.3,4.6,-0.091
e52843e6dde286ac,DAGASSO,Venezia,C,1.0,1.8,1-2,2-2,1.0,2.0,2.0,2.0,0.5,-1.0,8,52.0,5.88,Riserva,P,0.0,0.0,8.6,6.2,-0.062
ef32abe6d48c5537,HASA,Frosinone,C,1.0,2.2,1-2,2-3,1.0,2.0,2.0,3.0,0.5,-1.0,8,76.0,6.27,TitLowCost,P,0.0,0.0,39.2,44.1,0.205
95e991aaa9484b67,DUNCAN,Venezia,C,1.0,2.3,1-2,2-3,1.0,2.0,2.0,3.0,0.5,-1.0,8,56.0,5.74,Riserva,P,0.0,0.0,16.1,1.3,-0.146
f25177b705e6e6e7,KONE B.,Frosinone,C,1.0,1.9,1-2,2-3,1.0,2.0,2.0,3.0,0.5,-1.0,8,52.0,5.73,Riserva,P,0.0,0.0,8.6,1.9,-0.14
8a9324206d1c5b75,PEREZ K.,Venezia,C,1.0,2.4,1-2,2-3,1.0,2.0,2.0,3.0,0.5,-1.0,8,88.0,6.13,TitLowCost,T,0.0,10.0,75.0,30.9,0.114
8e861be74ae235ae,WINKS,Cagliari,C,1.0,2.2,1-2,2-3,1.0,2.0,2.0,3.0,0.5,-1.0,8,78.0,6.21,TitLowCost,B,0.0,20.0,44.9,37.9,0.164
ebed2738baa66112,AMONDARAIN,Bologna,C,1.0,2.3,1-2,2-3,1.0,2.0,2.0,3.0,0.5,-1.0,8,64.0,6.08,Riserva,P,0.0,0.0,24.2,22.8,0.051
c70e8e6fb6fd9f32,FITZ-JIM,Torino,C,1.0,3.7,1-2,3-5,1.0,2.0,3.0,5.0,0.5,-3.0,8,84.0,6.36,TitLowCost,T,0.0,0.0,57.8,57.8,0.302
e1ecebec2a698a54,EL AZZOUZI A.,Frosinone,C,1.0,1.9,1-2,2-3,1.0,2.0,2.0,3.0,0.5,-1.0,8,52.0,5.71,Riserva,P,0.0,0.0,8.6,0.8,-0.151
03452bb8df6f1924,AKINSANMIRO,Monza,C,1.0,2.3,1-2,2-3,1.0,2.0,2.0,3.0,0.5,-1.0,8,88.0,5.97,TitLowCost,T,0.0,10.0,75.0,8.9,-0.026
686f574ab32912b2,DIALLO O.,Parma,C,1.0,2.3,1-2,2-3,1.0,2.0,2.0,3.0,0.5,-1.0,8,78.0,6.3,TitLowCost,P,0.0,0.0,44.9,48.1,0.234
54008e608dca8d35,SOW,Genoa,C,1.0,2.8,1-2,2-4,1.0,2.0,2.0,4.0,0.5,-2.0,8,90.0,6.23,TitLowCost,T,0.0,0.0,83.1,44.9,0.207
94c69e06bbf73b46,PELLEGRINI LO.,Roma,C,1.0,4.0,1-2,3-6,1.0,2.0,3.0,6.0,0.5,-3.0,8,74.0,6.41,Jolly,P,10.0,20.0,32.5,58.3,0.303
e02d302b43f0ab6d,GRILLITSCH,Frosinone,C,1.0,2.1,1-2,2-3,1.0,2.0,2.0,3.0,0.5,-1.0,8,80.0,5.97,TitLowCost,P,0.0,0.0,51.1,9.4,-0.024
d8e5f5a9572defc0,CISSÈ A.,Milan,C,1.0,16.2,1-2,12-22,1.0,2.0,12.0,22.0,0.5,-15.0,8,61.0,6.42,Riserva,P,0.0,0.0,21.8,51.3,0.256
fc6b072f3a1a1158,FORSON O.,Monza,C,1.0,2.1,1-2,2-3,1.0,2.0,2.0,3.0,0.5,-1.0,8,54.0,5.79,Riserva,P,0.0,0.0,14.0,2.4,-0.113
c97405e66b2d3c61,COMOTTO,Milan,C,1.0,2.2,1-2,2-3,1.0,2.0,2.0,3.0,0.5,-1.0,8,52.0,6.0,Riserva,P,0.0,0.0,8.6,13.7,0.0
4fc839dbb913fc34,LAERKE,Lecce,C,1.0,1.9,1-2,2-3,1.0,2.0,2.0,3.0,0.5,-1.0,8,52.0,6.0,Riserva,P,0.0,0.0,8.6,13.7,0.0
19575fbca99b5094,TOURÈ I.,Monza,C,1.0,2.1,1-2,2-3,1.0,2.0,2.0,3.0,0.5,-1.0,8,86.0,6.0,TitLowCost,T,0.0,0.0,64.0,13.7,0.0
6906acbab906d9a4,FINI,Frosinone,C,1.0,2.3,1-2,2-3,1.0,2.0,2.0,3.0,0.5,-1.0,8,84.0,6.1,TitLowCost,B,0.0,0.0,57.8,28.0,0.084
2e0bbea95dc39dd9,MOUT,Monza,C,1.0,2.0,1-2,2-3,1.0,2.0,2.0,3.0,0.5,-1.0,8,64.0,5.83,Riserva,P,0.0,0.0,24.2,3.2,-0.109
12bec60e73dfa0b3,FOE ONDOA,Monza,C,1.0,1.7,1-2,2-2,1.0,2.0,2.0,2.0,0.5,-1.0,8,60.0,5.86,Riserva,P,0.0,0.0,19.6,5.1,-0.084
2d81aa077f835ebc,CIERVO,Cagliari,C,1.0,1.0,1-2,1-2,1.0,2.0,1.0,2.0,0.5,0.0,8,52.0,6.17,Riserva,P,0.0,0.0,8.6,28.8,0.088
241ecc3f4ca2acc8,DIMARCO,Inter,D,142.8,135.9,122-165,127-146,122.0,165.0,127.0,146.0,21.5,7.0,1,92.0,6.91,Top,T,0.0,30.0,90.6,99.7,0.837
8973c27a98373290,WESLEY,Roma,D,79.39999999999999,79.60000000000001,64-96,74-86,64.0,96.0,74.0,86.0,16.0,-1.0,1,92.0,6.53,Top,T,0.0,0.0,90.6,99.2,0.488
5688fec4c65a4f61,MOLINA N.,Roma,D,57.6,67.2,44-72,62-74,44.0,72.0,62.0,74.0,14.0,-9.0,1,90.0,6.44,Semi-Top,T,0.0,0.0,79.1,98.7,0.396
5f3e8a6eb737d18e,MANCINI,Roma,D,57.5,46.4,44-72,42-52,44.0,72.0,42.0,52.0,14.0,12.0,1,92.0,6.42,Semi-Top,T,0.0,0.0,90.6,98.1,0.386
df5c28080769db0b,DI LORENZO,Napoli,D,52.900000000000006,43.8,40-67,40-48,40.0,67.0,40.0,48.0,13.5,9.0,1,92.0,6.39,Semi-Top,T,0.0,0.0,90.6,96.8,0.359
ef187cd8f73790ec,BREMER,Juventus,D,52.8,60.8,40-66,56-66,40.0,66.0,56.0,66.0,13.0,-8.0,1,92.0,6.39,Semi-Top,T,0.0,0.0,90.6,96.8,0.359
765cb6f21e4705fd,SPENCE,Inter,D,52.0,44.3,39-65,39-51,39.0,65.0,39.0,51.0,13.0,8.0,1,90.0,6.4,Semi-Top,B,0.0,0.0,79.1,97.6,0.36
a13c9dfd238cc261,PAVLOVIC,Milan,D,51.6,41.5,39-65,38-46,39.0,65.0,38.0,46.0,13.0,10.0,1,92.0,6.38,Semi-Top,T,0.0,0.0,90.6,96.0,0.35
cb2028d6c9c9f09b,RRAHMANI,Napoli,D,49.099999999999994,42.1,37-62,38-47,37.0,62.0,38.0,47.0,12.5,7.0,1,92.0,6.36,Semi-Top,T,0.0,0.0,90.6,94.4,0.331
7b368e4f096f8d19,KALULU,Juventus,D,47.0,42.2,36-59,38-47,36.0,59.0,38.0,47.0,11.5,5.0,1,92.0,6.35,Semi-Top,T,0.0,0.0,90.6,93.6,0.322
83ec780f79098c25,BASTONI,Inter,D,46.1,53.3,35-58,49-59,35.0,58.0,49.0,59.0,11.5,-7.0,2,92.0,6.35,Semi-Top,T,0.0,0.0,90.6,93.6,0.322
45a1c685b80149e8,SOLET,Udinese,D,45.5,47.5,35-57,44-52,35.0,57.0,44.0,52.0,11.0,-2.0,2,92.0,6.34,Semi-Top,T,0.0,0.0,90.6,92.2,0.313
63796a30e7fa1e32,CAMBIASO,Juventus,D,45.3,27.3,34-57,23-32,34.0,57.0,23.0,32.0,11.5,18.0,2,88.0,6.38,Semi-Top,T,0.0,30.0,70.1,95.2,0.334
fa412fd4026d2c8f,AKANJI,Inter,D,44.900000000000006,50.4,34-57,46-56,34.0,57.0,46.0,56.0,11.5,-5.0,2,88.0,6.38,Semi-Top,B,0.0,0.0,70.1,95.2,0.334
3155d7a60b4a529a,N'DICKA,Roma,D,42.8,34.8,33-54,31-39,33.0,54.0,31.0,39.0,10.5,8.0,2,92.0,6.32,Semi-Top,T,0.0,0.0,90.6,90.9,0.294
6f53a975055ebad2,JIMENEZ A.,Fiorentina,D,42.8,24.0,33-54,20-29,33.0,54.0,20.0,29.0,10.5,19.0,2,92.0,6.32,Semi-Top,T,0.0,0.0,90.6,90.9,0.294
752e6eabaa600fca,SPINAZZOLA,Napoli,D,41.7,24.5,32-53,21-29,32.0,53.0,21.0,29.0,10.5,17.0,2,88.0,6.36,Semi-Top,T,0.0,10.0,70.1,92.8,0.317
f5bb1014773ad923,BISSECK,Inter,D,41.2,32.300000000000004,31-52,28-37,31.0,52.0,28.0,37.0,10.5,9.0,2,88.0,6.35,Semi-Top,T,0.0,0.0,70.1,91.7,0.308
d5be7e0154ecadd2,OSTIGARD,Genoa,D,32.599999999999994,33.300000000000004,25-41,30-38,25.0,41.0,30.0,38.0,8.0,0.0,2,92.0,6.26,Semi-Top,T,20.0,0.0,90.6,89.0,0.239
ad922479aff31637,CARLOS AUGUSTO,Inter,D,27.099999999999998,9.4,21-34,7-12,21.0,34.0,7.0,12.0,6.5,18.0,2,80.0,6.34,OttimoTit,P,0.0,0.0,50.8,90.1,0.272
2f5c29a4ba53e446,RAMON,Como,D,25.8,33.099999999999994,20-33,29-38,20.0,33.0,29.0,38.0,6.5,-7.0,3,92.0,6.22,OttimoTit,T,0.0,0.0,90.6,86.1,0.202
69bc62348498fbfe,GILA,Milan,D,25.7,35.4,20-33,32-40,20.0,33.0,32.0,40.0,6.5,-9.0,3,92.0,6.22,OttimoTit,T,0.0,0.0,90.6,86.1,0.202
09263cbe5547af7a,MINA,Cagliari,D,25.2,9.700000000000001,19-32,8-13,19.0,32.0,8.0,13.0,6.5,15.0,3,92.0,6.22,OttimoTit,T,70.0,0.0,90.6,86.1,0.202
3463636f17bece43,CHALOBAH T.,Como,D,25.2,32.2,19-32,29-37,19.0,32.0,29.0,37.0,6.5,-7.0,3,92.0,6.22,OttimoTit,T,0.0,0.0,90.6,86.1,0.202
afe6d46f0724be79,MIRANDA J.,Bologna,D,24.7,18.5,19-31,16-22,19.0,31.0,16.0,22.0,6.0,6.0,3,92.0,6.21,OttimoTit,T,0.0,10.0,90.6,83.7,0.193
047bf8606de8fe72,SCALVINI,Atalanta,D,22.5,19.0,17-29,16-23,17.0,29.0,16.0,23.0,6.0,4.0,3,90.0,6.21,OttimoTit,T,0.0,0.0,79.1,83.2,0.189
e72d21420cdc40a0,KAIKI,Como,D,22.5,11.2,17-29,8-15,17.0,29.0,8.0,15.0,6.0,12.0,3,88.0,6.23,OttimoTit,B,0.0,0.0,70.1,86.1,0.202
fb7920bb212faee3,COUTO,Como,D,22.2,27.7,17-28,24-32,17.0,28.0,24.0,32.0,5.5,-6.0,3,92.0,6.2,OttimoTit,T,0.0,0.0,90.6,81.6,0.184
675e74eb17908d6d,ZAPPACOSTA,Atalanta,D,22.1,19.0,17-28,16-23,17.0,28.0,16.0,23.0,5.5,3.0,3,86.0,6.24,OttimoTit,B,0.0,0.0,60.2,88.5,0.206
cd751149294bd797,BERNASCONI,Atalanta,D,21.9,18.599999999999998,17-28,16-22,17.0,28.0,16.0,22.0,5.5,3.0,3,88.0,6.23,OttimoTit,T,0.0,0.0,70.1,86.1,0.202
e025ee4469f6ad1d,BARTESAGHI,Milan,D,20.9,15.4,16-27,12-19,16.0,27.0,12.0,19.0,5.5,6.0,4,76.0,6.33,OttimoTit,P,0.0,10.0,44.7,89.6,0.251
054b293fd42bb580,VOJVODA,Udinese,D,20.8,24.2,16-26,21-28,16.0,26.0,21.0,28.0,5.0,-3.0,4,88.0,6.22,OttimoTit,B,0.0,10.0,70.1,84.2,0.194
b68e8eff183c13de,VALERI,Parma,D,19.5,15.9,15-25,14-19,15.0,25.0,14.0,19.0,5.0,4.0,4,92.0,6.18,OttimoTit,T,20.0,20.0,90.6,77.8,0.166
5f0cf2c1a5372461,BELLANOVA,Atalanta,D,17.4,10.6,14-22,8-14,14.0,22.0,8.0,14.0,4.0,6.0,4,82.0,6.25,OttimoTit,B,0.0,0.0,52.9,88.0,0.205
50d375f310515b9f,KRISTENSEN T.,Atalanta,D,17.0,13.6,13-22,11-17,13.0,22.0,11.0,17.0,4.5,3.0,4,86.0,6.21,OttimoTit,T,0.0,0.0,60.2,81.0,0.181
b34e2b36ffde7d16,ESTUPINAN,Milan,D,16.9,3.1,13-22,3-5,13.0,22.0,3.0,5.0,4.5,14.0,4,88.0,6.19,OttimoTit,T,0.0,0.0,70.1,78.3,0.167
7a04d0631ca38c20,DRAGUSIN,Fiorentina,D,16.400000000000002,19.400000000000002,13-21,16-23,13.0,21.0,16.0,23.0,4.0,-3.0,4,84.0,6.22,OttimoTit,T,0.0,0.0,56.1,82.4,0.185
750cbaa6733cc543,STONES,Inter,D,16.299999999999997,28.1,13-21,25-33,13.0,21.0,25.0,33.0,4.0,-12.0,4,84.0,6.22,OttimoTit,B,0.0,0.0,56.1,82.4,0.185
bebd9c0c551556c4,LUCUMÌ,Juventus,D,14.8,18.3,12-19,15-22,12.0,19.0,15.0,22.0,3.5,-3.0,4,88.0,6.18,OttimoTit,T,0.0,0.0,70.1,77.3,0.158
178029070c8e3c3e,VALDEPENAS,Fiorentina,D,14.4,16.5,11-18,13-21,11.0,18.0,13.0,21.0,3.5,-3.0,4,90.0,6.16,OttimoTit,T,0.0,0.0,79.1,75.9,0.144
61eb7858d6c0d1f3,NORTON-CUFFY,Genoa,D,13.6,19.599999999999998,11-17,17-23,11.0,17.0,17.0,23.0,3.0,-6.0,5,84.0,6.2,OttimoTit,T,0.0,0.0,56.1,78.9,0.168
2d2c7f37d55631b3,DOEKHI,Lazio,D,13.5,8.3,11-17,6-11,11.0,17.0,6.0,11.0,3.0,6.0,5,92.0,6.14,OttimoTit,T,0.0,0.0,90.6,72.5,0.129
131c77baf44f2da7,GABBIA,Milan,D,13.299999999999999,7.0,10-17,5-10,10.0,17.0,5.0,10.0,3.5,6.0,5,92.0,6.14,OttimoTit,T,0.0,0.0,90.6,72.5,0.129
dc47a870e163e126,HERMOSO,Roma,D,12.8,17.2,10-16,14-21,10.0,16.0,14.0,21.0,3.0,-4.0,5,88.0,6.17,OttimoTit,T,0.0,0.0,70.1,76.7,0.15
15e690d65283da72,VIERY,Fiorentina,D,12.3,4.6,10-16,4-7,10.0,16.0,4.0,7.0,3.0,7.0,5,92.0,6.13,OttimoTit,T,0.0,0.0,90.6,69.8,0.12
b899572e5880fdc2,COMUZZO,Torino,D,11.4,5.4,9-15,4-8,9.0,15.0,4.0,8.0,3.0,6.0,5,90.0,6.14,OttimoTit,T,0.0,0.0,79.1,71.4,0.126
a2c2362596f7996a,ZORTEA,Bologna,D,10.7,8.8,9-14,7-12,9.0,14.0,7.0,12.0,2.5,2.0,5,88.0,6.15,OttimoTit,B,0.0,0.0,70.1,73.8,0.132
2c83883151ba4d92,DELPRATO,Parma,D,10.0,12.8,8-13,11-16,8.0,13.0,11.0,16.0,2.5,-3.0,5,92.0,6.12,OttimoTit,T,0.0,0.0,90.6,66.6,0.11
61e836237f16f676,OBRADOR,Sassuolo,D,9.6,4.5,8-12,4-6,8.0,12.0,4.0,6.0,2.0,5.0,5,88.0,6.15,OttimoTit,T,0.0,0.0,70.1,73.8,0.132
4815e19e6302ceaa,HEGGEM,Bologna,D,9.299999999999999,4.5,7-12,3-7,7.0,12.0,3.0,7.0,2.5,4.0,5,88.0,6.14,OttimoTit,T,0.0,0.0,70.1,70.9,0.123
2394f53dadd42b1f,CELIK,Juventus,D,9.2,14.9,7-12,12-19,7.0,12.0,12.0,19.0,2.5,-6.0,6,78.0,6.23,OttimoTit,P,0.0,0.0,48.7,80.5,0.179
6e08626798ddc89f,COMERT,Torino,D,8.5,2.4,7-11,2-4,7.0,11.0,2.0,4.0,2.0,7.0,6,90.0,6.12,OttimoTit,T,0.0,0.0,79.1,66.0,0.108
971ec8206a235037,VALLE,Como,D,7.8,8.200000000000001,6-10,6-11,6.0,10.0,6.0,11.0,2.0,0.0,6,86.0,6.15,OttimoTit,B,0.0,0.0,60.2,72.5,0.129
dfb3b964a5940b7c,VASQUEZ,Genoa,D,7.4,16.2,6-10,14-20,6.0,10.0,14.0,20.0,2.0,-9.0,6,92.0,6.1,OttimoTit,T,0.0,0.0,90.6,61.0,0.092
1b0ef5a4803ba63d,SUTALO J.,Lazio,D,7.3,3.7,6-10,3-5,6.0,10.0,3.0,5.0,2.0,3.0,6,88.0,6.13,OttimoTit,T,0.0,0.0,70.1,67.9,0.114
c479ea08ff4e86ee,KOULIERAKIS,Roma,D,7.2,10.0,6-9,7-14,6.0,9.0,7.0,14.0,1.5,-3.0,6,76.0,6.23,TitLowCost,P,0.0,0.0,44.7,79.9,0.175
256d4eb5394687db,HOLM,Bologna,D,6.4,3.0,5-8,3-4,5.0,8.0,3.0,4.0,1.5,3.0,6,82.0,6.17,TitLowCost,B,0.0,0.0,52.9,75.1,0.139
a089086f0b39cb5b,MARCANDALLI,Genoa,D,6.3,6.0,5-8,5-8,5.0,8.0,5.0,8.0,1.5,0.0,6,92.0,6.1,TitLowCost,T,0.0,0.0,90.6,61.0,0.092
f7419680074c02f2,PEDRAZA,Lazio,D,6.2,4.2,5-8,3-6,5.0,8.0,3.0,6.0,1.5,2.0,6,88.0,6.12,TitLowCost,T,0.0,0.0,70.1,65.2,0.106
f0da85433c7df66c,KAMARA H.,Udinese,D,5.4,9.5,5-7,7-13,5.0,7.0,7.0,13.0,1.0,-5.0,6,86.0,6.13,TitLowCost,T,0.0,0.0,60.2,67.1,0.112
eeee66a2f5e51aff,BADIASHILE,Napoli,D,5.2,8.9,4-7,7-12,4.0,7.0,7.0,12.0,1.5,-4.0,7,80.0,6.18,TitLowCost,P,0.0,0.0,50.8,75.9,0.144
b9c922f85902ac58,MANGAS,Monza,D,4.8,6.0,4-6,5-8,4.0,6.0,5.0,8.0,1.0,-1.0,7,92.0,6.09,TitLowCost,T,0.0,0.0,90.6,59.6,0.083
49be46279a31a2e7,BUONGIORNO,Napoli,D,4.3,4.8999999999999995,4-6,4-7,4.0,6.0,4.0,7.0,1.0,-1.0,7,74.0,6.23,Jolly,T,0.0,0.0,40.6,79.4,0.17
712ca3a4febf5c5d,OBERT,Cagliari,D,4.2,4.2,4-6,3-6,4.0,6.0,3.0,6.0,1.0,0.0,7,86.0,6.12,TitLowCost,T,0.0,0.0,60.2,63.9,0.103
0aea3896ee16859a,KELLY L.,Juventus,D,4.0,6.5,3-5,5-9,3.0,5.0,5.0,9.0,1.0,-3.0,7,80.0,6.17,TitLowCost,P,0.0,0.0,50.8,74.6,0.136
95189d4236590566,FORTINI,Torino,D,3.9,3.3,3-5,3-5,3.0,5.0,3.0,5.0,1.0,1.0,7,87.0,6.12,TitLowCost,T,0.0,0.0,62.8,64.4,0.104
97175d33d106ee7a,BRITSCHGI,Parma,D,3.7,2.2,3-5,2-3,3.0,5.0,2.0,3.0,1.0,2.0,7,90.0,6.09,TitLowCost,T,0.0,0.0,79.1,58.6,0.081
e51c0ed2d8edd325,BIRAGHI,Torino,D,1.0,2.0,1-2,2-3,1.0,2.0,2.0,3.0,0.5,-1.0,8,52.0,5.98,Riserva,P,0.0,0.0,12.6,35.3,-0.01
3e38d01fe1687b34,CABAL,Juventus,D,1.0,2.1,1-2,2-3,1.0,2.0,2.0,3.0,0.5,-1.0,8,73.0,5.96,Jolly,P,0.0,0.0,39.8,28.3,-0.029
2644cbe3ec35e20a,CASALE,Bologna,D,1.0,2.0,1-2,2-3,1.0,2.0,2.0,3.0,0.5,-1.0,8,51.0,5.94,Riserva,P,0.0,0.0,4.8,26.5,-0.031
e29b60a1e90ec181,DE SILVESTRI,Bologna,D,1.0,1.6,1-2,2-2,1.0,2.0,2.0,2.0,0.5,-1.0,8,52.0,5.97,Riserva,P,0.0,0.0,12.6,32.6,-0.016
d757c922a02c8073,DE WINTER,Milan,D,1.0,5.4,1-2,4-8,1.0,2.0,4.0,8.0,0.5,-4.0,8,76.0,6.13,TitLowCost,P,0.0,0.0,44.7,62.6,0.099
f3b8c34b32780186,GALLO,Lecce,D,1.0,4.8,1-2,4-7,1.0,2.0,4.0,7.0,0.5,-4.0,8,88.0,6.06,TitLowCost,B,0.0,60.0,70.1,54.3,0.053
1444594f38626734,GATTI,Juventus,D,1.0,2.7,1-2,3-4,1.0,2.0,3.0,4.0,0.5,-2.0,8,51.0,6.09,Riserva,P,0.0,0.0,4.8,52.9,0.046
1bf886e9a90a8621,HIEN,Atalanta,D,1.0,3.5,1-2,3-5,1.0,2.0,3.0,5.0,0.5,-3.0,8,64.0,6.15,Riserva,P,0.0,0.0,30.7,61.8,0.096
4fc33ecf634c3e3c,ISMAJLI,Torino,D,1.0,2.7,1-2,2-4,1.0,2.0,2.0,4.0,0.5,-2.0,8,64.0,5.91,Riserva,P,0.0,0.0,30.7,16.8,-0.058
ab7ded5b2c6f9f08,LAZZARI,Lazio,D,1.0,2.1,1-2,2-3,1.0,2.0,2.0,3.0,0.5,-1.0,8,64.0,6.0,Riserva,P,0.0,0.0,30.7,39.6,0.0
0945906305578987,MARUSIC,Lazio,D,1.0,3.5,1-2,3-5,1.0,2.0,3.0,5.0,0.5,-3.0,7,86.0,6.1,TitLowCost,T,0.0,0.0,60.2,60.2,0.086
9d56f55176e313a5,MAZZOCCHI,Napoli,D,1.0,1.6,1-2,2-2,1.0,2.0,2.0,2.0,0.5,-1.0,8,51.0,6.01,Riserva,P,0.0,0.0,4.8,41.4,0.005
9fa5e7ccbbfd5a79,OLIVERA,Napoli,D,1.0,2.9,1-2,3-4,1.0,2.0,3.0,4.0,0.5,-2.0,8,60.0,6.05,Riserva,P,0.0,0.0,25.4,47.9,0.03
1cd8ad4ffd888083,PARISI,Fiorentina,D,1.0,2.3,1-2,2-3,1.0,2.0,2.0,3.0,0.5,-1.0,8,42.0,5.89,Riserva,P,0.0,0.0,0.8,20.6,-0.046
2c97256efeed05f0,PATRIC,Lazio,D,1.0,1.8,1-2,2-3,1.0,2.0,2.0,3.0,0.5,-1.0,8,50.0,5.95,Riserva,P,0.0,0.0,3.5,30.7,-0.025
f71825df913a2795,PELLEGRINI LU.,Lazio,D,1.0,2.1,1-2,2-3,1.0,2.0,2.0,3.0,0.5,-1.0,8,67.0,5.96,Riserva,P,0.0,0.0,32.9,29.1,-0.027
6b99f26ecc7ac177,PONGRACIC,Fiorentina,D,1.0,2.1,1-2,2-3,1.0,2.0,2.0,3.0,0.5,-1.0,8,68.0,5.93,Riserva,P,0.0,0.0,35.0,19.8,-0.048
f2ff2c5243cc685d,RANIERI L.,Fiorentina,D,1.0,2.6,1-2,2-4,1.0,2.0,2.0,4.0,0.5,-2.0,8,60.0,5.89,Riserva,P,0.0,0.0,25.4,14.7,-0.066
5621e2e201ac2c11,ROMAGNOLI,Lazio,D,1.0,3.5,1-2,3-5,1.0,2.0,3.0,5.0,0.5,-3.0,8,52.0,5.95,Riserva,P,0.0,0.0,12.6,29.9,-0.026
a5cce87cdac55151,TOMORI,Milan,D,1.0,2.8,1-2,3-4,1.0,2.0,3.0,4.0,0.5,-2.0,8,52.0,5.95,Riserva,P,0.0,0.0,12.6,29.9,-0.026
594fe4db841f81b4,WALUKIEWICZ,Sassuolo,D,1.0,2.4,1-2,2-3,1.0,2.0,2.0,3.0,0.5,-1.0,8,86.0,5.99,TitLowCost,T,0.0,0.0,60.2,36.1,-0.009
e8996418510f726c,ZANOLI,Udinese,D,1.0,2.4,1-2,2-3,1.0,2.0,2.0,3.0,0.5,-1.0,8,61.0,6.12,Riserva,B,0.0,0.0,28.6,57.0,0.073
c23854f275092af1,BEUKEMA,Napoli,D,1.0,3.5,1-2,3-5,1.0,2.0,3.0,5.0,0.5,-3.0,8,60.0,6.0,Riserva,P,0.0,0.0,25.4,39.6,0.0
7473a1f18ed78f9e,MARTIN,Genoa,D,1.0,3.5,1-2,3-5,1.0,2.0,3.0,5.0,0.5,-3.0,8,52.0,5.98,Riserva,P,0.0,0.0,12.6,35.3,-0.01
7afcede202b0a5c6,KOLASINAC,Atalanta,D,1.0,2.6,1-2,2-4,1.0,2.0,2.0,4.0,0.5,-2.0,8,60.0,6.01,Riserva,P,0.0,0.0,25.4,42.0,0.006
b46a0afe0fcdc26f,SABELLI,Genoa,D,1.0,2.4,1-2,3-3,1.0,2.0,3.0,3.0,0.5,-1.0,8,60.0,5.91,Riserva,P,0.0,0.0,25.4,18.2,-0.054
320f7eb8809ff297,KABASELE,Udinese,D,1.0,3.3,1-2,3-5,1.0,2.0,3.0,5.0,0.5,-2.0,8,84.0,6.09,TitLowCost,T,0.0,0.0,56.1,58.0,0.076
7d2bf2e6921d4709,TAVARES N.,Lazio,D,1.0,4.0,1-2,3-6,1.0,2.0,3.0,6.0,0.5,-3.0,8,52.0,6.04,Riserva,P,0.0,0.0,12.6,46.8,0.021
f87a264be15263c1,COCO,Torino,D,1.0,4.6,1-2,4-7,1.0,2.0,4.0,7.0,0.5,-4.0,8,88.0,6.04,TitLowCost,T,0.0,0.0,70.1,49.5,0.035
f29629c3a612c74e,GASPAR K.,Lecce,D,1.0,3.1,1-2,3-5,1.0,2.0,3.0,5.0,0.5,-2.0,8,80.0,6.04,TitLowCost,P,0.0,0.0,50.8,48.4,0.032
5020717d9240037f,GOLDANIGA,Como,D,1.0,1.9,1-2,2-3,1.0,2.0,2.0,3.0,0.5,-1.0,8,59.0,5.94,Riserva,P,0.0,0.0,22.2,23.8,-0.035
ffe1a0fae9a3704f,GHILARDI,Roma,D,1.0,2.4,1-2,2-3,1.0,2.0,2.0,3.0,0.5,-1.0,8,52.0,5.94,Riserva,P,0.0,0.0,12.6,26.5,-0.031
3dd752de8b659318,VALENTI,Parma,D,1.0,2.6,1-2,2-4,1.0,2.0,2.0,4.0,0.5,-2.0,8,84.0,6.07,TitLowCost,B,0.0,0.0,56.1,55.3,0.059
a09f36a31467b5b1,MARIANUCCI,Napoli,D,1.0,2.0,1-2,2-3,1.0,2.0,2.0,3.0,0.5,-1.0,8,44.0,5.97,Riserva,P,0.0,0.0,1.3,34.5,-0.013
87d28bf71f2fcbe7,JEAN,Lecce,D,1.0,3.9,1-2,3-6,1.0,2.0,3.0,6.0,0.5,-3.0,8,52.0,5.93,Riserva,P,0.0,0.0,12.6,23.0,-0.036
480de6729932e0a1,KOSSOUNOU,Atalanta,D,1.0,3.7,1-2,3-5,1.0,2.0,3.0,5.0,0.5,-3.0,8,72.0,5.99,Jolly,P,0.0,0.0,38.5,37.2,-0.007
2b941e886f45816a,KEMPF,Como,D,1.0,5.8999999999999995,1-2,4-8,1.0,2.0,4.0,8.0,0.5,-5.0,8,76.0,6.16,TitLowCost,P,0.0,0.0,44.7,70.3,0.122
1748727044a2a5c1,VAN DER BREMPT,Sassuolo,D,1.0,2.4,1-2,2-3,1.0,2.0,2.0,3.0,0.5,-1.0,8,52.0,5.94,Riserva,P,0.0,0.0,12.6,26.5,-0.031
12fd300b0e779edd,HAINAUT,Venezia,D,1.0,3.0,1-2,3-4,1.0,2.0,3.0,4.0,0.5,-2.0,8,88.0,6.04,TitLowCost,T,0.0,0.0,70.1,49.5,0.035
9ff5b21bd19dd532,AHANOR,Atalanta,D,1.0,3.3,1-2,3-5,1.0,2.0,3.0,5.0,0.5,-2.0,8,51.0,6.03,Riserva,P,0.0,0.0,4.8,45.7,0.015
ff4569bfb92dab60,RENSCH,Roma,D,1.0,3.3,1-2,3-5,1.0,2.0,3.0,5.0,0.5,-2.0,8,62.0,5.99,Riserva,P,0.0,0.0,29.1,37.7,-0.006
3ea51bf36bf263fe,OTOA,Genoa,D,1.0,2.0,1-2,2-3,1.0,2.0,2.0,3.0,0.5,-1.0,8,70.0,5.91,Jolly,P,0.0,0.0,37.2,15.2,-0.063
de5081b5b32e8463,VEIGA D.,Lecce,D,1.0,2.9,1-2,3-4,1.0,2.0,3.0,4.0,0.5,-2.0,8,92.0,6.01,TitLowCost,T,0.0,0.0,90.6,43.9,0.009
2c1c8fb224978b39,TIAGO GABRIEL,Lecce,D,1.0,10.6,1-2,9-13,1.0,2.0,9.0,13.0,0.5,-10.0,8,92.0,6.05,TitLowCost,T,0.0,0.0,90.6,52.9,0.046
d177cc9a1e77a3da,SMOLCIC I.,Como,D,1.0,2.3,1-2,2-3,1.0,2.0,2.0,3.0,0.5,-1.0,8,56.0,5.94,Riserva,P,0.0,0.0,21.4,24.6,-0.034
23a64ca742c6ea7a,PROVSTGAARD,Lazio,D,1.0,2.5,1-2,2-4,1.0,2.0,2.0,4.0,0.5,-2.0,8,76.0,6.14,TitLowCost,P,0.0,0.0,44.7,65.2,0.106
55fc91268f816eb5,RUGANI,Juventus,D,1.0,1.9,1-2,2-3,1.0,2.0,2.0,3.0,0.5,-1.0,8,52.0,5.96,Riserva,P,0.0,0.0,12.6,31.8,-0.021
4132656469e8603c,EBOSSE,Udinese,D,1.0,2.3,1-2,2-3,1.0,2.0,2.0,3.0,0.5,-1.0,8,60.0,5.87,Riserva,P,0.0,0.0,25.4,13.6,-0.078
9511a31a431b3885,DODÒ,Fiorentina,D,1.0,9.5,1-2,7-13,1.0,2.0,7.0,13.0,0.5,-9.0,8,60.0,6.02,Riserva,P,0.0,0.0,25.4,44.9,0.012
239cf156742bd88a,JOAO MARIO,Fiorentina,D,1.0,4.2,1-2,3-6,1.0,2.0,3.0,6.0,0.5,-3.0,8,72.0,6.01,Jolly,P,0.0,0.0,38.5,42.8,0.007
77451eae19db119c,VITIK,Bologna,D,1.0,2.4,1-2,2-4,1.0,2.0,2.0,4.0,0.5,-1.0,8,86.0,6.02,TitLowCost,B,0.0,0.0,60.2,46.3,0.017
cc2e5584fe2b0ff0,DOIG,Sassuolo,D,1.0,3.0,1-2,3-4,1.0,2.0,3.0,4.0,0.5,-2.0,8,56.0,5.93,Riserva,P,0.0,0.0,21.4,22.2,-0.039
c7c7175b7655a6fc,BERTOLA,Udinese,D,1.0,2.7,1-2,2-4,1.0,2.0,2.0,4.0,0.5,-2.0,8,78.0,6.15,TitLowCost,B,0.0,0.0,48.7,68.7,0.117
70b46931e175ec33,MISSORI,Sassuolo,D,1.0,1.9,1-2,2-3,1.0,2.0,2.0,3.0,0.5,-1.0,8,52.0,5.94,Riserva,P,0.0,0.0,12.6,26.5,-0.031
c0cc1d6b3a329292,IDRISSI R.,Cagliari,D,1.0,2.2,1-2,2-3,1.0,2.0,2.0,3.0,0.5,-1.0,8,55.0,5.96,Riserva,P,0.0,0.0,20.3,31.3,-0.022
d53f4cc4dd75e14b,PIERAGNOLO,Sassuolo,D,1.0,2.3,1-2,3-3,1.0,2.0,3.0,3.0,0.5,-1.0,8,41.0,5.93,Riserva,P,0.0,0.0,0.3,28.3,-0.029
4d1c6b767ebd7ed6,FLORIANI MUSSOLINI,Lazio,D,1.0,3.2,1-2,3-5,1.0,2.0,3.0,5.0,0.5,-2.0,8,76.0,6.15,TitLowCost,P,0.0,0.0,44.7,67.9,0.114
19281b4a594eef24,PALMA,Udinese,D,1.0,2.7,1-2,2-4,1.0,2.0,2.0,4.0,0.5,-2.0,8,83.0,6.09,TitLowCost,B,0.0,0.0,54.3,57.5,0.075
e0f7da84cf794373,NDABA,Lecce,D,1.0,2.0,1-2,2-3,1.0,2.0,2.0,3.0,0.5,-1.0,8,82.0,6.1,TitLowCost,B,0.0,0.0,52.9,59.1,0.082
3ffd87d4c3b73c57,NDIAYE,Parma,D,1.0,2.0,1-2,2-3,1.0,2.0,2.0,3.0,0.5,-1.0,8,52.0,5.9,Riserva,P,0.0,0.0,12.6,19.0,-0.052
e2400cc0af2d6f9e,IDZES,Sassuolo,D,1.0,4.5,1-2,4-6,1.0,2.0,4.0,6.0,0.5,-4.0,7,92.0,6.05,TitLowCost,T,0.0,0.0,90.6,52.9,0.046
3813d8341920921a,CANDÈ,Sassuolo,D,1.0,2.2,1-2,2-3,1.0,2.0,2.0,3.0,0.5,-1.0,8,46.0,5.91,Riserva,P,0.0,0.0,2.9,21.1,-0.041
a96388a720226572,TROILO,Parma,D,1.0,3.0,1-2,3-4,1.0,2.0,3.0,4.0,0.5,-2.0,8,92.0,6.01,TitLowCost,T,0.0,0.0,90.6,43.9,0.009
48fcef27eba69ab3,SIEBERT,Lecce,D,1.0,2.2,1-2,2-3,1.0,2.0,2.0,3.0,0.5,-1.0,8,92.0,6.0,TitLowCost,T,0.0,0.0,90.6,39.6,0.0
9746c1bbfeaf6d82,BELLA-KOTCHAP,Venezia,D,1.0,3.5,1-2,3-5,1.0,2.0,3.0,5.0,0.5,-3.0,8,92.0,6.05,TitLowCost,T,0.0,0.0,90.6,52.9,0.046
e9c3ef68be620313,ZIOLKOWSKI,Monza,D,1.0,1.9,1-2,2-3,1.0,2.0,2.0,3.0,0.5,-1.0,8,52.0,5.71,Riserva,P,0.0,0.0,12.6,8.3,-0.151
7ecfea91b2e307b1,RODRIGUEZ JU.,Cagliari,D,1.0,2.8,1-2,2-4,1.0,2.0,2.0,4.0,0.5,-2.0,8,88.0,6.03,TitLowCost,T,0.0,0.0,70.1,47.3,0.026
0c3b6733047184b2,ZÈ PEDRO,Cagliari,D,1.0,2.7,1-2,2-4,1.0,2.0,2.0,4.0,0.5,-2.0,8,88.0,6.05,TitLowCost,T,0.0,0.0,70.1,51.1,0.044
b0df8f06c2b49fa3,KOUADIO,Monza,D,1.0,2.3,1-2,2-3,1.0,2.0,2.0,3.0,0.5,-1.0,8,65.0,5.69,Riserva,P,0.0,0.0,32.4,2.9,-0.201
b334bfd2ded9f95f,ARIZALA,Udinese,D,1.0,2.8,1-2,2-4,1.0,2.0,2.0,4.0,0.5,-2.0,8,68.0,6.01,Riserva,P,0.0,0.0,35.0,42.8,0.007
0bd1dc8527346637,HELLAND,Bologna,D,1.0,2.3,1-2,2-3,1.0,2.0,2.0,3.0,0.5,-1.0,7,88.0,6.08,TitLowCost,B,0.0,0.0,70.1,56.4,0.07
a30cc28847ef63f4,MLACIC,Udinese,D,1.0,1.9,1-2,2-3,1.0,2.0,2.0,3.0,0.5,-1.0,8,52.0,5.94,Riserva,P,0.0,0.0,12.6,26.5,-0.031
5f538822936a2acd,CARBONI F.,Parma,D,1.0,1.9,1-2,2-3,1.0,2.0,2.0,3.0,0.5,-1.0,8,52.0,5.93,Riserva,P,0.0,0.0,12.6,23.0,-0.036
d8ba4ceda0ff22e7,HAPS,Venezia,D,1.0,3.8,1-2,3-5,1.0,2.0,3.0,5.0,0.5,-3.0,8,76.0,5.98,TitLowCost,P,0.0,0.0,44.7,33.7,-0.015
1b8075637d776191,BIRINDELLI,Monza,D,1.0,3.9,1-2,3-6,1.0,2.0,3.0,6.0,0.5,-3.0,8,90.0,6.04,TitLowCost,T,0.0,0.0,79.1,50.5,0.036
884ac4df51dfec11,BRACAGLIA,Frosinone,D,1.0,2.8,1-2,3-4,1.0,2.0,3.0,4.0,0.5,-2.0,8,88.0,5.88,TitLowCost,T,0.0,0.0,70.1,12.0,-0.106
eab2894c82ea69a4,OYONO A.,Frosinone,D,1.0,2.4,1-2,2-3,1.0,2.0,2.0,3.0,0.5,-1.0,8,68.0,5.69,Riserva,P,0.0,0.0,35.0,2.4,-0.211
8d8354298691668e,CARBONI A.,Monza,D,1.0,2.3,1-2,2-3,1.0,2.0,2.0,3.0,0.5,-1.0,8,88.0,6.04,TitLowCost,T,0.0,0.0,70.1,49.5,0.035
0b8b7d368a848138,BAKOUNE,Monza,D,1.0,1.9,1-2,2-3,1.0,2.0,2.0,3.0,0.5,-1.0,8,72.0,5.69,Jolly,P,0.0,0.0,38.5,1.1,-0.223
fed9e4da48e1cc46,DELLI CARRI,Monza,D,1.0,2.2,1-2,2-3,1.0,2.0,2.0,3.0,0.5,-1.0,8,78.0,5.87,TitLowCost,B,0.0,0.0,48.7,12.6,-0.101
0006a9c5ceac3148,FRANJIC,Venezia,D,1.0,2.3,1-2,2-3,1.0,2.0,2.0,3.0,0.5,-1.0,8,88.0,5.85,TitLowCost,T,0.0,0.0,70.1,9.6,-0.132
f60156771b31e8b3,CALVANI,Frosinone,D,1.0,2.5,1-2,2-4,1.0,2.0,2.0,4.0,0.5,-2.0,8,88.0,5.85,TitLowCost,T,0.0,0.0,70.1,9.6,-0.132
2058f44425cded27,MONTERISI,Frosinone,D,1.0,3.5,1-2,3-5,1.0,2.0,3.0,5.0,0.5,-3.0,8,92.0,5.83,TitLowCost,T,0.0,0.0,90.6,7.8,-0.156
ba9349d88e2f4986,SCHINGTIENNE,Venezia,D,1.0,2.4,1-2,2-3,1.0,2.0,2.0,3.0,0.5,-1.0,8,92.0,5.81,TitLowCost,T,0.0,0.0,90.6,5.6,-0.175
d2f3cc575b10a1a6,CITTADINI,Frosinone,D,1.0,2.2,1-2,2-3,1.0,2.0,2.0,3.0,0.5,-1.0,8,86.0,5.8,TitLowCost,B,0.0,0.0,60.2,6.4,-0.172
296a483806a13c8e,ABANKWAH,Udinese,D,1.0,2.2,1-2,2-3,1.0,2.0,2.0,3.0,0.5,-1.0,8,68.0,5.87,Riserva,P,0.0,0.0,35.0,13.1,-0.088
329b22236cd3eaf0,MARIN R.,Napoli,D,1.0,2.9,1-2,3-4,1.0,2.0,3.0,4.0,0.5,-2.0,8,68.0,5.93,Riserva,P,0.0,0.0,35.0,19.8,-0.048
feac9234815f85d7,PUCZKA,Genoa,D,1.0,2.3,1-2,2-3,1.0,2.0,2.0,3.0,0.5,-1.0,8,53.0,5.86,Riserva,P,0.0,0.0,19.5,14.2,-0.074
ba3b3301d056fcfe,SAGRADO,Venezia,D,1.0,2.7,1-2,3-4,1.0,2.0,3.0,4.0,0.5,-2.0,8,76.0,5.98,TitLowCost,P,0.0,0.0,44.7,33.7,-0.015
4b7096018d11bacf,ANTOV,Monza,D,1.0,1.9,1-2,2-3,1.0,2.0,2.0,3.0,0.5,-1.0,8,52.0,5.68,Riserva,P,0.0,0.0,12.6,7.2,-0.166
6817364eaec914d9,AMEY,Frosinone,D,1.0,1.9,1-2,2-3,1.0,2.0,2.0,3.0,0.5,-1.0,8,52.0,5.67,Riserva,P,0.0,0.0,12.6,6.4,-0.172
57ea7b85da3f28af,LUCCHESI,Monza,D,1.0,2.1,1-2,2-3,1.0,2.0,2.0,3.0,0.5,-1.0,8,84.0,5.86,TitLowCost,B,0.0,0.0,56.1,10.4,-0.118
dc109dedd6de6b6a,GOMES,Venezia,D,1.0,1.8,1-2,2-3,1.0,2.0,2.0,3.0,0.5,-1.0,8,52.0,5.65,Riserva,P,0.0,0.0,12.6,4.5,-0.182
84e3e7ce907c2c95,SVERKO,Venezia,D,1.0,1.9,1-2,2-3,1.0,2.0,2.0,3.0,0.5,-1.0,8,45.0,5.59,Riserva,P,0.0,0.0,2.1,4.0,-0.185
74e92cd7a670bcba,CORREIA T.,Venezia,D,1.0,3.0,1-2,3-4,1.0,2.0,3.0,4.0,0.5,-2.0,8,88.0,5.87,TitLowCost,T,0.0,0.0,70.1,11.2,-0.114
51816a09400f87f2,MORENO M.,Venezia,D,1.0,2.0,1-2,2-3,1.0,2.0,2.0,3.0,0.5,-1.0,8,55.0,5.59,Riserva,P,0.0,0.0,20.3,0.3,-0.226
090d9fd0377280a5,ALHASSANE,Bologna,D,1.0,2.2,1-2,2-3,1.0,2.0,2.0,3.0,0.5,-1.0,8,60.0,5.9,Riserva,P,0.0,0.0,25.4,16.3,-0.06
0497bedba9632dbe,KOFLER,Cagliari,D,1.0,2.1,1-2,2-3,1.0,2.0,2.0,3.0,0.5,-1.0,8,52.0,5.89,Riserva,P,0.0,0.0,12.6,17.4,-0.057
ca88b46ef12e2621,PAVARD,Inter,D,1.0,3.2,1-2,3-5,1.0,2.0,3.0,5.0,0.5,-2.0,8,60.0,6.02,Riserva,P,0.0,0.0,25.4,44.9,0.012
8f5130b54242fd0a,AKPOGUMA,Frosinone,D,1.0,2.0,1-2,2-3,1.0,2.0,2.0,3.0,0.5,-1.0,8,72.0,5.69,Jolly,P,0.0,0.0,38.5,1.1,-0.223
2c4c6f13275e30fa,MITAJ,Genoa,D,1.0,2.7,1-2,3-4,1.0,2.0,3.0,4.0,0.5,-2.0,8,78.0,6.13,TitLowCost,B,0.0,0.0,48.7,63.4,0.101
dd8f39dc48834123,HALHAL,Venezia,D,1.0,2.1,1-2,2-3,1.0,2.0,2.0,3.0,0.5,-1.0,8,52.0,5.59,Riserva,P,0.0,0.0,12.6,1.9,-0.213
716efd811b9f6cb2,AURELIO,Cagliari,D,1.0,2.0,1-2,2-3,1.0,2.0,2.0,3.0,0.5,-1.0,8,74.0,6.16,Jolly,P,0.0,0.0,40.6,69.3,0.118
5c0ae6f54220aeca,TERZIC,Frosinone,D,1.0,2.2,1-2,2-3,1.0,2.0,2.0,3.0,0.5,-1.0,8,76.0,5.92,TitLowCost,P,0.0,0.0,44.7,15.8,-0.061
3eec9fe98e57192a,FAVASULI,Napoli,D,1.0,2.4,1-2,2-3,1.0,2.0,2.0,3.0,0.5,-1.0,8,64.0,6.09,Riserva,P,0.0,0.0,30.7,54.8,0.058
37591e9cdde19a9b,OMAR FAYED,Frosinone,D,1.0,1.8,1-2,2-3,1.0,2.0,2.0,3.0,0.5,-1.0,8,52.0,5.63,Riserva,P,0.0,0.0,12.6,3.5,-0.192
079af6d7d17a9c6c,ODENTHAL,Sassuolo,D,1.0,2.5,1-2,2-4,1.0,2.0,2.0,4.0,0.5,-2.0,8,60.0,5.81,Riserva,P,0.0,0.0,25.4,11.2,-0.114
85d8a56f33e2304f,LEYSEN F.,Sassuolo,D,1.0,2.2,1-2,2-3,1.0,2.0,2.0,3.0,0.5,-1.0,8,68.0,5.95,Riserva,P,0.0,0.0,35.0,24.6,-0.034
67e0d5cfe6f3eb39,CINQUEGRANO,Sassuolo,D,1.0,2.3,1-2,2-3,1.0,2.0,2.0,3.0,0.5,-1.0,8,75.0,6.06,Jolly,T,0.0,0.0,41.4,51.6,0.045
22a6c473e5c4cb82,TERRACCIANO F.,Milan,D,1.0,1.8,1-2,2-3,1.0,2.0,2.0,3.0,0.5,-1.0,8,68.0,5.92,Riserva,P,0.0,0.0,35.0,18.2,-0.054
7ddd98c9a7ae4761,DIAWARA S.,Milan,D,1.0,2.0,1-2,2-3,1.0,2.0,2.0,3.0,0.5,-1.0,8,52.0,5.97,Riserva,P,0.0,0.0,12.6,32.6,-0.016
daca6a1b84b6bab1,KAMBWALA,Como,D,1.0,1.6,1-2,2-2,1.0,2.0,2.0,2.0,0.5,-1.0,8,76.0,6.13,TitLowCost,P,0.0,0.0,44.7,62.6,0.099
e01fda308aa77b81,LULLI,Roma,D,1.0,3.5,1-2,3-5,1.0,2.0,3.0,5.0,0.5,-3.0,8,64.0,6.1,Riserva,P,0.0,0.0,30.7,55.9,0.064
a7c072efa60f42e1,MAYE,Monza,D,1.0,1.8,1-2,2-3,1.0,2.0,2.0,3.0,0.5,-1.0,8,60.0,5.7,Riserva,P,0.0,0.0,25.4,5.1,-0.18
d7c1525a1466f14e,TCHATO,Frosinone,D,1.0,1.9,1-2,2-3,1.0,2.0,2.0,3.0,0.5,-1.0,8,82.0,5.83,TitLowCost,B,0.0,0.0,52.9,8.8,-0.139
006b19b916b44eca,MACCHIONI,Sassuolo,D,1.0,1.0,1-2,1-1,1.0,2.0,1.0,1.0,0.5,0.0,8,45.0,5.91,Riserva,P,0.0,0.0,2.1,21.7,-0.04
28d2b23654c7abec,DROBNIC,Parma,D,1.0,1.7,1-2,2-2,1.0,2.0,2.0,2.0,0.5,-1.0,8,76.0,5.99,TitLowCost,B,0.0,0.0,44.7,36.6,-0.008
d4cb43a69d26a030,BALERDI,Roma,D,1.0,1.0,1-2,0-0,1.0,2.0,0.0,0.0,0.5,0.0,8,52.0,6.0,Riserva,P,0.0,0.0,12.6,39.6,0.0
a9844471d1225084,THEATE,Bologna,D,1.0,1.0,1-2,0-0,1.0,2.0,0.0,0.0,0.5,0.0,8,52.0,6.0,Riserva,T,0.0,0.0,12.6,39.6,0.0
09d9e0b1481ca192,DEMBELÈ A.,Lecce,D,1.0,1.0,1-2,0-0,1.0,2.0,0.0,0.0,0.5,0.0,8,52.0,6.0,Riserva,P,0.0,0.0,12.6,39.6,0.0
0ca8aa141a0b1492,SVILAR,Roma,P,94.7,103.8,76-114,98-111,76.0,114.0,98.0,111.0,19.0,-9.0,1,91.0,5.51,Top,T,0.0,0.0,88.1,34.1,-0.446
5ea11f821616f0c8,MAIGNAN,Milan,P,90.0,88.7,72-108,83-95,72.0,108.0,83.0,95.0,18.0,1.0,1,91.0,5.5,Top,T,0.0,0.0,88.1,32.5,-0.455
3de10e621120d202,MARTINEZ JO.,Inter,P,85.5,89.6,69-103,83-97,69.0,103.0,83.0,97.0,17.0,-4.0,1,82.0,5.58,Top,B,0.0,0.0,70.6,38.9,-0.344
7ba62c661d8bab62,VICARIO,Juventus,P,82.3,90.2,66-99,84-98,66.0,99.0,84.0,98.0,16.5,-8.0,1,91.0,5.47,Top,T,0.0,0.0,88.1,29.4,-0.482
690aeaf5148919e2,MERET,Napoli,P,80.0,79.3,64-96,72-87,64.0,96.0,72.0,87.0,16.0,1.0,1,86.0,5.51,Top,T,0.0,0.0,73.0,35.7,-0.421
f5471fea4b8036c9,CARNESECCHI,Atalanta,P,78.0,84.1,63-94,78-91,63.0,94.0,78.0,91.0,15.5,-6.0,1,91.0,5.46,Semi-Top,T,0.0,0.0,88.1,27.8,-0.491
caa8d5f1a08890c7,BUTEZ,Como,P,69.2,78.7,56-84,73-86,56.0,84.0,73.0,86.0,14.0,-10.0,1,91.0,5.43,Semi-Top,T,0.0,0.0,88.1,26.2,-0.519
ccf1bf03f6b9231d,DE GEA,Fiorentina,P,44.699999999999996,50.3,34-56,43-59,34.0,56.0,43.0,59.0,11.0,-5.0,1,91.0,5.19,Semi-Top,T,0.0,0.0,88.1,18.3,-0.737
00668852ef3ea6bd,MANDAS,Lazio,P,42.3,29.0,32-53,24-35,32.0,53.0,24.0,35.0,10.5,13.0,1,80.0,5.31,Semi-Top,T,0.0,0.0,69.0,23.0,-0.552
60397e0e5db88ba8,SKORUPSKI,Bologna,P,38.3,24.2,29-48,20-29,29.0,48.0,20.0,29.0,9.5,14.0,1,91.0,5.15,OttimoTit,T,0.0,0.0,88.1,16.7,-0.773
1a3153747197e5c5,PERRI,Torino,P,31.5,3.9,24-40,3-6,24.0,40.0,3.0,6.0,8.0,28.0,2,91.0,5.12,OttimoTit,T,0.0,0.0,88.1,15.1,-0.801
d76dbb69daf9fffc,BIJLOW,Genoa,P,29.3,12.6,22-37,10-16,22.0,37.0,10.0,16.0,7.5,16.0,2,91.0,5.11,OttimoTit,T,0.0,0.0,88.1,12.7,-0.81
462d6f2c3b674dc6,OKOYE,Udinese,P,27.3,26.9,21-35,23-32,21.0,35.0,23.0,32.0,7.0,0.0,2,91.0,5.11,OttimoTit,T,0.0,0.0,88.1,12.7,-0.81
d9050e16e9e2b057,MURIC,Sassuolo,P,24.1,7.6,19-31,6-11,19.0,31.0,6.0,11.0,6.0,16.0,2,91.0,5.09,OttimoTit,T,0.0,0.0,88.1,10.3,-0.828
f1d273131bcd0233,FALCONE,Lecce,P,22.0,16.5,17-28,13-21,17.0,28.0,13.0,21.0,5.5,5.0,2,91.0,5.07,OttimoTit,T,0.0,0.0,88.1,8.7,-0.846
9c183d5597ee63b5,CAPRILE,Cagliari,P,19.7,16.6,15-25,14-21,15.0,25.0,14.0,21.0,5.0,3.0,2,91.0,5.05,TitLowCost,T,0.0,0.0,88.1,7.1,-0.865
f499d978cf4ac78a,CORVI,Parma,P,14.5,4.3,11-19,3-6,11.0,19.0,3.0,6.0,4.0,11.0,2,90.0,5.03,TitLowCost,T,0.0,0.0,75.4,5.6,-0.873
f8778ad1c53e59de,PROVEDEL,Inter,P,12.4,13.2,10-16,9-18,10.0,16.0,9.0,18.0,3.0,-1.0,2,72.0,5.23,TitLowCost,B,0.0,0.0,67.5,21.4,-0.554
f3cdce9c96da3e79,STANKOVIC F.,Venezia,P,9.700000000000001,4.5,8-13,4-6,8.0,13.0,4.0,6.0,2.5,5.0,2,91.0,4.96,TitLowCost,T,0.0,0.0,88.1,4.0,-0.946
f99c400876efd40e,THIAM,Monza,P,7.3,2.5,6-10,3-3,6.0,10.0,3.0,3.0,2.0,4.0,2,91.0,4.93,TitLowCost,T,0.0,0.0,88.1,2.4,-0.974
fc87b12f7c25f7a7,GOLLINI,Roma,P,1.0,1.8,1-2,2-2,1.0,2.0,2.0,2.0,0.5,-1.0,3,20.0,5.13,Riserva,P,0.0,0.0,44.4,65.1,-0.174
2009503dddc7b047,MILINKOVIC-SAVIC V.,Napoli,P,1.0,12.9,1-2,9-18,1.0,2.0,9.0,18.0,0.5,-12.0,3,20.0,5.19,Riserva,P,0.0,0.0,44.4,69.8,-0.162
5dacf7555a0dd890,PADELLI,Udinese,P,1.0,1.7,1-2,2-2,1.0,2.0,2.0,2.0,0.5,-1.0,3,20.0,5.12,Riserva,P,0.0,0.0,44.4,62.7,-0.176
f292f6e4329e4515,PINSOGLIO,Juventus,P,1.0,1.8,1-2,2-2,1.0,2.0,2.0,2.0,0.5,-1.0,3,10.0,5.42,Riserva,P,0.0,0.0,15.1,98.4,-0.058
eb3d1b5c78a550c0,SPORTIELLO,Atalanta,P,1.0,1.8,1-2,2-2,1.0,2.0,2.0,2.0,0.5,-1.0,3,20.0,5.13,Riserva,P,0.0,0.0,44.4,65.1,-0.174
cc104cc0e4e1980e,TERRACCIANO,Milan,P,1.0,1.8,1-2,2-2,1.0,2.0,2.0,2.0,0.5,-1.0,3,10.0,5.19,Riserva,P,0.0,0.0,15.1,88.9,-0.081
d37cc0b785fd8a54,SOMMARIVA,Genoa,P,1.0,1.7,1-2,2-2,1.0,2.0,2.0,2.0,0.5,-1.0,3,10.0,5.19,Riserva,P,0.0,0.0,15.1,88.9,-0.081
117642a06d77a9b9,CONTINI,Napoli,P,1.0,1.8,1-2,2-3,1.0,2.0,2.0,3.0,0.5,-1.0,3,10.0,5.34,Riserva,P,0.0,0.0,15.1,94.4,-0.066
e08d77ba2cbc333d,PALEARI,Torino,P,1.0,2.6,1-2,2-4,1.0,2.0,2.0,4.0,0.5,-2.0,3,10.0,4.32,Riserva,P,0.0,0.0,15.1,67.5,-0.168
6ca0f87d63a27ffe,VIGORITO,Como,P,1.0,1.8,1-2,2-2,1.0,2.0,2.0,2.0,0.5,-1.0,3,10.0,5.2,Riserva,P,0.0,0.0,15.1,91.3,-0.08
77a4b62f9d87085f,TORRIANI,Milan,P,1.0,1.8,1-2,2-2,1.0,2.0,2.0,2.0,0.5,-1.0,3,20.0,5.4,Riserva,P,0.0,0.0,44.4,73.8,-0.12
3779b138f90405f8,TURATI,Sassuolo,P,1.0,1.8,1-2,2-3,1.0,2.0,2.0,3.0,0.5,-1.0,3,20.0,4.57,Riserva,P,0.0,0.0,44.4,46.8,-0.286
f2aaf85c3a228415,PESSINA MAS.,Bologna,P,1.0,1.8,1-2,2-2,1.0,2.0,2.0,2.0,0.5,-1.0,3,20.0,5.05,Riserva,P,0.0,0.0,44.4,61.1,-0.19
543f07f3a53e20de,RUSSO A.,Sassuolo,P,1.0,1.6,1-2,2-2,1.0,2.0,2.0,2.0,0.5,-1.0,3,10.0,4.5,Riserva,P,0.0,0.0,15.1,72.2,-0.15
fdcfd4b0da018b3d,LEZZERINI,Fiorentina,P,1.0,1.8,1-2,2-2,1.0,2.0,2.0,2.0,0.5,-1.0,3,10.0,5.12,Riserva,P,0.0,0.0,15.1,84.9,-0.088
aed040161a655320,CHRISTENSEN O.,Fiorentina,P,1.0,1.8,1-2,2-3,1.0,2.0,2.0,3.0,0.5,-1.0,3,20.0,4.94,Riserva,P,0.0,0.0,44.4,54.8,-0.212
6177e358f4045ae5,TORNQVIST,Como,P,1.0,1.8,1-2,2-2,1.0,2.0,2.0,2.0,0.5,-1.0,3,20.0,4.93,Riserva,P,0.0,0.0,44.4,53.2,-0.214
9cd76753d44f6bb4,SHERRI,Cagliari,P,1.0,1.7,1-2,2-2,1.0,2.0,2.0,2.0,0.5,-1.0,3,20.0,5.02,Riserva,P,0.0,0.0,44.4,59.5,-0.196
d09f21d3c7c178e0,MOTTA,Lazio,P,1.0,2.1,1-2,2-3,1.0,2.0,2.0,3.0,0.5,-1.0,3,20.0,4.8,Riserva,P,0.0,0.0,44.4,50.0,-0.24
96b106a0531e2e58,SIVIERO,Torino,P,1.0,1.8,1-2,2-3,1.0,2.0,2.0,3.0,0.5,-1.0,3,37.0,5.37,Riserva,P,0.0,0.0,60.3,51.6,-0.233
dad1b0b2c61d0ee1,PALMISANI,Frosinone,P,1.0,2.3,1-2,2-3,1.0,2.0,2.0,3.0,0.5,-1.0,3,86.0,4.72,TitLowCost,T,0.0,0.0,73.0,0.8,-1.101
dd1a59e6bdfa4850,GRANDI,Venezia,P,1.0,1.6,1-2,2-2,1.0,2.0,2.0,2.0,0.5,-1.0,3,10.0,4.84,Riserva,P,0.0,0.0,15.1,75.4,-0.116
d2ed6fb98b0bdd14,LOLIC,Frosinone,P,1.0,1.7,1-2,2-2,1.0,2.0,2.0,2.0,0.5,-1.0,3,10.0,5.08,Riserva,P,0.0,0.0,15.1,83.3,-0.092
a9b22e7bb7d5fd74,STRAJNAR,Monza,P,1.0,1.7,1-2,2-2,1.0,2.0,2.0,2.0,0.5,-1.0,3,10.0,4.88,Riserva,P,0.0,0.0,15.1,77.0,-0.112
04a7fec43a03a6fc,DAFFARA,Parma,P,1.0,2.5,1-2,2-4,1.0,2.0,2.0,4.0,0.5,-2.0,3,20.0,4.69,Riserva,P,0.0,0.0,44.4,48.4,-0.262
9dc8047e40081f7e,RENZETTI,Lazio,P,1.0,1.8,1-2,2-3,1.0,2.0,2.0,3.0,0.5,-1.0,3,10.0,5.39,Riserva,P,0.0,0.0,15.1,96.0,-0.061
9395abac161a9440,PIANA,Udinese,P,1.0,1.7,1-2,2-2,1.0,2.0,2.0,2.0,0.5,-1.0,3,10.0,5.28,Riserva,P,0.0,0.0,15.1,92.9,-0.072
78d02720362a15d5,STOLZ,Genoa,P,1.0,1.8,1-2,2-3,1.0,2.0,2.0,3.0,0.5,-1.0,3,20.0,4.42,Riserva,P,0.0,0.0,44.4,44.4,-0.316
4d3166551a95f57b,POZZI,Venezia,P,1.0,1.7,1-2,2-2,1.0,2.0,2.0,2.0,0.5,-1.0,3,37.0,5.08,Riserva,P,0.0,0.0,60.3,40.5,-0.34
aa4c7c1437453623,DESPLANCHES,Frosinone,P,1.0,1.8,1-2,2-3,1.0,2.0,2.0,3.0,0.5,-1.0,3,20.0,4.42,Riserva,P,0.0,0.0,44.4,44.4,-0.316
de03ea6dd173f269,MASCARDI,Torino,P,1.0,2.7,1-2,2-4,1.0,2.0,2.0,4.0,0.5,-2.0,3,20.0,4.35,Riserva,P,0.0,0.0,44.4,42.1,-0.33
809fa3fde6569b80,HAPPONEN,Bologna,P,1.0,1.8,1-2,2-3,1.0,2.0,2.0,3.0,0.5,-1.0,3,10.0,5.0,Riserva,P,0.0,0.0,15.1,80.2,-0.1
7b7bc17e5d313aa3,DE MARZI,Roma,P,1.0,1.8,1-2,2-2,1.0,2.0,2.0,2.0,0.5,-1.0,3,10.0,5.42,Riserva,P,0.0,0.0,15.1,98.4,-0.058
e49e928e08b8a3c6,VISMARA,Atalanta,P,1.0,1.8,1-2,2-3,1.0,2.0,2.0,3.0,0.5,-1.0,3,10.0,5.17,Riserva,P,0.0,0.0,15.1,86.5,-0.083
e752ed334d1908b2,SATALINO,Sassuolo,P,1.0,1.7,1-2,2-2,1.0,2.0,2.0,2.0,0.5,-1.0,3,45.0,4.5,Jolly,P,0.0,0.0,63.5,19.8,-0.675
314822dd244145af,PENEV,Lecce,P,1.0,1.7,1-2,2-2,1.0,2.0,2.0,2.0,0.5,-1.0,3,20.0,5.0,Riserva,P,0.0,0.0,44.4,57.1,-0.2
991124f589ae2e6e,RADUNOVIC,Cagliari,P,1.0,1.7,1-2,2-2,1.0,2.0,2.0,2.0,0.5,-1.0,3,10.0,5.0,Riserva,P,0.0,0.0,15.1,80.2,-0.1
5eb93a98e17455e6,PISSERI,Frosinone,P,1.0,1.7,1-2,2-2,1.0,2.0,2.0,2.0,0.5,-1.0,3,45.0,4.8,Jolly,P,0.0,0.0,63.5,24.6,-0.54
33ca664566c653ff,MONTIPÒ,Venezia,P,1.0,2.0,1-2,2-3,1.0,2.0,2.0,3.0,0.5,-1.0,3,20.0,4.13,Riserva,P,0.0,0.0,44.4,37.3,-0.374
021e0f8305ad6ca7,BLEVE,Lecce,P,1.0,1.8,1-2,2-3,1.0,2.0,2.0,3.0,0.5,-1.0,3,10.0,5.0,Riserva,p,0.0,0.0,15.1,80.2,-0.1
2a43334b43150d6f,GRABARA,Juventus,P,1.0,3.0,1-2,3-4,1.0,2.0,3.0,4.0,0.5,-2.0,3,20.0,5.0,Riserva,P,0.0,0.0,44.4,57.1,-0.2
ddef1f2bd17b1c96,DI GENNARO,Inter,P,1.0,1.8,1-2,2-3,1.0,2.0,2.0,3.0,0.5,-1.0,3,10.0,4.38,Riserva,P,0.0,0.0,15.1,69.8,-0.162
a8632704acde84e7,MROZEK,Udinese,P,1.0,1.7,1-2,2-2,1.0,2.0,2.0,2.0,0.5,-1.0,3,46.0,5.0,Jolly,P,0.0,0.0,65.9,31.0,-0.46
